2026-07-30 10:21:47,658 REQ-81AA79 | /auth/microsoft/login/ | MIDDLEWARE_AUTH | 0ms | 0 | OK
2026-07-30 10:21:47,658 REQ-81AA79 | /auth/microsoft/login/ | DB | 7ms | 2 | OK
2026-07-30 10:21:47,658 REQ-81AA79 | /auth/microsoft/login/ | VIEW | 339486ms | 2 | CRITICAL
2026-07-30 10:21:47,658 REQ-81AA79 | /auth/microsoft/login/ | MW_MODULE_ACCESS | 338568ms | 0 | CRITICAL
2026-07-30 10:21:47,658 REQ-81AA79 | /auth/microsoft/login/ | TEMPLATE | 0ms | 0 | OK
2026-07-30 10:21:47,658 REQ-81AA79 | /auth/microsoft/login/ | TOTAL | 339493ms | 2 | CRITICAL
2026-07-30 10:21:56,845 REQ-BB52BE | /auth/microsoft/login/ | MIDDLEWARE_AUTH | 0ms | 0 | OK
2026-07-30 10:21:56,845 REQ-BB52BE | /auth/microsoft/login/ | DB | 7ms | 2 | OK
2026-07-30 10:21:56,845 REQ-BB52BE | /auth/microsoft/login/ | VIEW | 339368ms | 2 | CRITICAL
2026-07-30 10:21:56,845 REQ-BB52BE | /auth/microsoft/login/ | MW_MODULE_ACCESS | 338463ms | 0 | CRITICAL
2026-07-30 10:21:56,845 REQ-BB52BE | /auth/microsoft/login/ | TEMPLATE | 0ms | 0 | OK
2026-07-30 10:21:56,845 REQ-BB52BE | /auth/microsoft/login/ | TOTAL | 339376ms | 2 | CRITICAL
2026-07-30 10:26:35,758 REQ-1A614E | /auth/microsoft/login/ | MIDDLEWARE_AUTH | 0ms | 0 | OK
2026-07-30 10:26:35,758 REQ-1A614E | /auth/microsoft/login/ | DB | 5ms | 2 | OK
2026-07-30 10:26:35,758 REQ-1A614E | /auth/microsoft/login/ | VIEW | 337924ms | 2 | CRITICAL
2026-07-30 10:26:35,758 REQ-1A614E | /auth/microsoft/login/ | MW_MODULE_ACCESS | 337815ms | 0 | CRITICAL
2026-07-30 10:26:35,758 REQ-1A614E | /auth/microsoft/login/ | TEMPLATE | 0ms | 0 | OK
2026-07-30 10:26:35,758 REQ-1A614E | /auth/microsoft/login/ | TOTAL | 337929ms | 2 | CRITICAL
2026-07-30 10:51:34,002 REQ-D9727E | /accounts/login/ | MIDDLEWARE_AUTH | 0ms | 0 | OK
2026-07-30 10:51:34,002 REQ-D9727E | /accounts/login/ | DB | 53ms | 16 | OK
2026-07-30 10:51:34,002 REQ-D9727E | /accounts/login/ | VIEW | 3514ms | 16 | SLOW
2026-07-30 10:51:34,002 REQ-D9727E | /accounts/login/ | MW_MODULE_ACCESS | 3554ms | 0 | SLOW
2026-07-30 10:51:34,002 REQ-D9727E | /accounts/login/ | TEMPLATE | 0ms | 0 | OK
2026-07-30 10:51:34,002 REQ-D9727E | /accounts/login/ | TOTAL | 3568ms | 16 | SLOW
2026-07-30 12:14:22,799 REQ-E1F903 | /home/ | MIDDLEWARE_AUTH | 0ms | 0 | OK
2026-07-30 12:14:22,799 REQ-E1F903 | /home/ | DB | 1ms | 2 | OK
2026-07-30 12:14:22,799 REQ-E1F903 | /home/ | VIEW | 3006ms | 2 | SLOW
2026-07-30 12:14:22,799 REQ-E1F903 | /home/ | MW_MODULE_ACCESS | 3007ms | 0 | SLOW
2026-07-30 12:14:22,799 REQ-E1F903 | /home/ | TEMPLATE | 0ms | 0 | OK
2026-07-30 12:14:22,799 REQ-E1F903 | /home/ | TOTAL | 3007ms | 2 | SLOW
2026-07-30 14:21:17,494 REQ-B2444B | /admin/ | MIDDLEWARE_AUTH | 6ms | 0 | OK
2026-07-30 14:21:17,494 REQ-B2444B | /admin/ | DB | 66ms | 6 | OK
2026-07-30 14:21:17,494 REQ-B2444B | /admin/ | VIEW | 816ms | 6 | OK
2026-07-30 14:21:17,494 REQ-B2444B | /admin/ | MW_MODULE_ACCESS | 1009ms | 0 | SLOW
2026-07-30 14:21:17,494 REQ-B2444B | /admin/ | TEMPLATE | 131ms | 0 | OK
2026-07-30 14:21:17,494 REQ-B2444B | /admin/ | TOTAL | 1019ms | 6 | SLOW
2026-07-30 15:01:08,573 REQ-0A96AE | /accounts/login/ | MIDDLEWARE_AUTH | 0ms | 0 | OK
2026-07-30 15:01:08,573 REQ-0A96AE | /accounts/login/ | DB | 54ms | 16 | OK
2026-07-30 15:01:08,573 REQ-0A96AE | /accounts/login/ | VIEW | 1877ms | 16 | SLOW
2026-07-30 15:01:08,573 REQ-0A96AE | /accounts/login/ | MW_MODULE_ACCESS | 1929ms | 0 | SLOW
2026-07-30 15:01:08,573 REQ-0A96AE | /accounts/login/ | TEMPLATE | 0ms | 0 | OK
2026-07-30 15:01:08,573 REQ-0A96AE | /accounts/login/ | TOTAL | 1932ms | 16 | SLOW
2026-07-30 15:01:45,164 REQ-B523CC | /home/ | MIDDLEWARE_AUTH | 0ms | 0 | OK
2026-07-30 15:01:45,164 REQ-B523CC | /home/ | DB | 14ms | 4 | OK
2026-07-30 15:01:45,164 REQ-B523CC | /home/ | VIEW | 16691ms | 4 | CRITICAL
2026-07-30 15:01:45,164 REQ-B523CC | /home/ | MW_MODULE_ACCESS | 13745ms | 0 | CRITICAL
2026-07-30 15:01:45,164 REQ-B523CC | /home/ | TEMPLATE | 38ms | 0 | OK
2026-07-30 15:01:45,164 REQ-B523CC | /home/ | TOTAL | 16744ms | 4 | CRITICAL
2026-07-30 15:11:29,383 REQ-654988 | /inputscreening/full_accept/ | MIDDLEWARE_AUTH | 181ms | 0 | OK
2026-07-30 15:11:29,384 REQ-654988 | /inputscreening/full_accept/ | DB | 918ms | 25 | OK
2026-07-30 15:11:29,384 REQ-654988 | /inputscreening/full_accept/ | VIEW | 173ms | 25 | OK
2026-07-30 15:11:29,384 REQ-654988 | /inputscreening/full_accept/ | MW_MODULE_ACCESS | 1189ms | 0 | SLOW
2026-07-30 15:11:29,384 REQ-654988 | /inputscreening/full_accept/ | TEMPLATE | 0ms | 0 | OK
2026-07-30 15:11:29,384 REQ-654988 | /inputscreening/full_accept/ | TOTAL | 1272ms | 25 | SLOW
2026-07-30 20:17:13,781 REQ-26584D | /accounts/login/ | MIDDLEWARE_AUTH | 0ms | 0 | OK
2026-07-30 20:17:13,781 REQ-26584D | /accounts/login/ | DB | 56ms | 16 | OK
2026-07-30 20:17:13,781 REQ-26584D | /accounts/login/ | VIEW | 13477ms | 16 | CRITICAL
2026-07-30 20:17:13,781 REQ-26584D | /accounts/login/ | MW_MODULE_ACCESS | 13531ms | 0 | CRITICAL
2026-07-30 20:17:13,781 REQ-26584D | /accounts/login/ | TEMPLATE | 0ms | 0 | OK
2026-07-30 20:17:13,781 REQ-26584D | /accounts/login/ | TOTAL | 13533ms | 16 | CRITICAL
2026-07-31 10:31:38,807 REQ-316EAC | /accounts/login/ | MIDDLEWARE_AUTH | 1ms | 0 | OK
2026-07-31 10:31:38,807 REQ-316EAC | /accounts/login/ | DB | 54ms | 16 | OK
2026-07-31 10:31:38,807 REQ-316EAC | /accounts/login/ | VIEW | 13612ms | 16 | CRITICAL
2026-07-31 10:31:38,807 REQ-316EAC | /accounts/login/ | MW_MODULE_ACCESS | 13664ms | 0 | CRITICAL
2026-07-31 10:31:38,807 REQ-316EAC | /accounts/login/ | TEMPLATE | 0ms | 0 | OK
2026-07-31 10:31:38,807 REQ-316EAC | /accounts/login/ | TOTAL | 13667ms | 16 | CRITICAL
2026-07-31 11:08:56,183 REQ-F20566 | /accounts/login/ | MIDDLEWARE_AUTH | 0ms | 0 | OK
2026-07-31 11:08:56,183 REQ-F20566 | /accounts/login/ | DB | 53ms | 16 | OK
2026-07-31 11:08:56,183 REQ-F20566 | /accounts/login/ | VIEW | 2105ms | 16 | SLOW
2026-07-31 11:08:56,183 REQ-F20566 | /accounts/login/ | MW_MODULE_ACCESS | 2156ms | 0 | SLOW
2026-07-31 11:08:56,183 REQ-F20566 | /accounts/login/ | TEMPLATE | 0ms | 0 | OK
2026-07-31 11:08:56,183 REQ-F20566 | /accounts/login/ | TOTAL | 2158ms | 16 | SLOW
2026-07-31 11:13:29,430 REQ-3DB96D | /accounts/login/ | MIDDLEWARE_AUTH | 0ms | 0 | OK
2026-07-31 11:13:29,430 REQ-3DB96D | /accounts/login/ | DB | 12ms | 16 | OK
2026-07-31 11:13:29,430 REQ-3DB96D | /accounts/login/ | VIEW | 2521ms | 16 | SLOW
2026-07-31 11:13:29,430 REQ-3DB96D | /accounts/login/ | MW_MODULE_ACCESS | 2531ms | 0 | SLOW
2026-07-31 11:13:29,430 REQ-3DB96D | /accounts/login/ | TEMPLATE | 0ms | 0 | OK
2026-07-31 11:13:29,430 REQ-3DB96D | /accounts/login/ | TOTAL | 2533ms | 16 | SLOW
2026-07-31 11:55:18,816 REQ-322814 | /rowlock/status/ | MIDDLEWARE_AUTH | 0ms | 0 | OK
2026-07-31 11:55:18,816 REQ-322814 | /rowlock/status/ | DB | 13ms | 3 | OK
2026-07-31 11:55:18,816 REQ-322814 | /rowlock/status/ | VIEW | 2546ms | 3 | SLOW
2026-07-31 11:55:18,816 REQ-322814 | /rowlock/status/ | MW_MODULE_ACCESS | 2504ms | 0 | SLOW
2026-07-31 11:55:18,816 REQ-322814 | /rowlock/status/ | TEMPLATE | 0ms | 0 | OK
2026-07-31 11:55:18,816 REQ-322814 | /rowlock/status/ | TOTAL | 2560ms | 3 | SLOW
2026-07-31 12:13:57,923 REQ-D546C3 | /dayplanning/dp_completed_table/ | MIDDLEWARE_AUTH | 11ms | 0 | OK
2026-07-31 12:13:57,923 REQ-D546C3 | /dayplanning/dp_completed_table/ | DB | 64ms | 45 | OK
2026-07-31 12:13:57,923 REQ-D546C3 | /dayplanning/dp_completed_table/ | VIEW | 883ms | 45 | OK
2026-07-31 12:13:57,923 REQ-D546C3 | /dayplanning/dp_completed_table/ | MW_MODULE_ACCESS | 1409ms | 0 | SLOW
2026-07-31 12:13:57,923 REQ-D546C3 | /dayplanning/dp_completed_table/ | TEMPLATE | 453ms | 0 | OK
2026-07-31 12:13:57,923 REQ-D546C3 | /dayplanning/dp_completed_table/ | TOTAL | 1412ms | 45 | SLOW
2026-07-31 12:41:40,477 REQ-7D1256 | /rowlock/status/ | MIDDLEWARE_AUTH | 0ms | 0 | OK
2026-07-31 12:41:40,477 REQ-7D1256 | /rowlock/status/ | DB | 1499ms | 3 | SLOW
2026-07-31 12:41:40,477 REQ-7D1256 | /rowlock/status/ | VIEW | 4ms | 3 | OK
2026-07-31 12:41:40,477 REQ-7D1256 | /rowlock/status/ | MW_MODULE_ACCESS | 1501ms | 0 | SLOW
2026-07-31 12:41:40,478 REQ-7D1256 | /rowlock/status/ | TEMPLATE | 0ms | 0 | OK
2026-07-31 12:41:40,478 REQ-7D1256 | /rowlock/status/ | TOTAL | 1503ms | 3 | SLOW
2026-07-31 15:19:45,798 REQ-10D0CB | /accounts/login/ | MIDDLEWARE_AUTH | 8ms | 0 | OK
2026-07-31 15:19:45,798 REQ-10D0CB | /accounts/login/ | DB | 0ms | 0 | OK
2026-07-31 15:19:45,798 REQ-10D0CB | /accounts/login/ | VIEW | 1ms | 0 | OK
2026-07-31 15:19:45,798 REQ-10D0CB | /accounts/login/ | MW_MODULE_ACCESS | 1038ms | 0 | SLOW
2026-07-31 15:19:45,798 REQ-10D0CB | /accounts/login/ | TEMPLATE | 1037ms | 0 | SLOW
2026-07-31 15:19:45,798 REQ-10D0CB | /accounts/login/ | TOTAL | 1046ms | 0 | SLOW
2026-07-31 15:49:24,098 REQ-8BB4AF | /accounts/login/ | MIDDLEWARE_AUTH | 0ms | 0 | OK
2026-07-31 15:49:24,098 REQ-8BB4AF | /accounts/login/ | DB | 1117ms | 16 | SLOW
2026-07-31 15:49:24,098 REQ-8BB4AF | /accounts/login/ | VIEW | 1406ms | 16 | SLOW
2026-07-31 15:49:24,098 REQ-8BB4AF | /accounts/login/ | MW_MODULE_ACCESS | 2521ms | 0 | SLOW
2026-07-31 15:49:24,098 REQ-8BB4AF | /accounts/login/ | TEMPLATE | 0ms | 0 | OK
2026-07-31 15:49:24,098 REQ-8BB4AF | /accounts/login/ | TOTAL | 2524ms | 16 | SLOW
2026-07-31 16:10:31,899 REQ-F30AD4 | /adminportal/api/shortcuts/ | MIDDLEWARE_AUTH | 2ms | 0 | OK
2026-07-31 16:10:31,899 REQ-F30AD4 | /adminportal/api/shortcuts/ | DB | 9ms | 2 | OK
2026-07-31 16:10:31,899 REQ-F30AD4 | /adminportal/api/shortcuts/ | VIEW | 2103ms | 2 | SLOW
2026-07-31 16:10:31,899 REQ-F30AD4 | /adminportal/api/shortcuts/ | MW_MODULE_ACCESS | 1984ms | 0 | SLOW
2026-07-31 16:10:31,899 REQ-F30AD4 | /adminportal/api/shortcuts/ | TEMPLATE | 0ms | 0 | OK
2026-07-31 16:10:31,899 REQ-F30AD4 | /adminportal/api/shortcuts/ | TOTAL | 2113ms | 2 | SLOW
2026-07-31 16:38:03,919 REQ-D3CADF | /adminportal/api/user-allowed-modules/ | MIDDLEWARE_AUTH | 1ms | 0 | OK
2026-07-31 16:38:03,934 REQ-D3CADF | /adminportal/api/user-allowed-modules/ | DB | 13ms | 6 | OK
2026-07-31 16:38:03,934 REQ-D3CADF | /adminportal/api/user-allowed-modules/ | VIEW | 1556ms | 6 | SLOW
2026-07-31 16:38:03,934 REQ-D3CADF | /adminportal/api/user-allowed-modules/ | MW_MODULE_ACCESS | 1550ms | 0 | SLOW
2026-07-31 16:38:03,934 REQ-D3CADF | /adminportal/api/user-allowed-modules/ | TEMPLATE | 1ms | 0 | OK
2026-07-31 16:38:03,934 REQ-D3CADF | /adminportal/api/user-allowed-modules/ | TOTAL | 1570ms | 6 | SLOW
2026-07-31 16:51:59,688 REQ-E17F5F | /accounts/login/ | MIDDLEWARE_AUTH | 1ms | 0 | OK
2026-07-31 16:51:59,688 REQ-E17F5F | /accounts/login/ | DB | 55ms | 16 | OK
2026-07-31 16:51:59,688 REQ-E17F5F | /accounts/login/ | VIEW | 2112ms | 16 | SLOW
2026-07-31 16:51:59,688 REQ-E17F5F | /accounts/login/ | MW_MODULE_ACCESS | 2164ms | 0 | SLOW
2026-07-31 16:51:59,688 REQ-E17F5F | /accounts/login/ | TEMPLATE | 0ms | 0 | OK
2026-07-31 16:51:59,688 REQ-E17F5F | /accounts/login/ | TOTAL | 2168ms | 16 | SLOW
2026-07-31 17:04:04,149 REQ-D18595 | /rowlock/release/ | MIDDLEWARE_AUTH | 0ms | 0 | OK
2026-07-31 17:04:04,149 REQ-D18595 | /rowlock/release/ | DB | 13ms | 3 | OK
2026-07-31 17:04:04,149 REQ-D18595 | /rowlock/release/ | VIEW | 1582ms | 3 | SLOW
2026-07-31 17:04:04,149 REQ-D18595 | /rowlock/release/ | MW_MODULE_ACCESS | 1591ms | 0 | SLOW
2026-07-31 17:04:04,149 REQ-D18595 | /rowlock/release/ | TEMPLATE | 0ms | 0 | OK
2026-07-31 17:04:04,149 REQ-D18595 | /rowlock/release/ | TOTAL | 1596ms | 3 | SLOW
2026-07-31 17:23:58,251 REQ-31B2B2 | /inputscreening/verify_tray/ | MIDDLEWARE_AUTH | 6044ms | 0 | CRITICAL
2026-07-31 17:23:58,251 REQ-31B2B2 | /inputscreening/verify_tray/ | DB | 31ms | 13 | OK
2026-07-31 17:23:58,251 REQ-31B2B2 | /inputscreening/verify_tray/ | VIEW | 4ms | 13 | OK
2026-07-31 17:23:58,251 REQ-31B2B2 | /inputscreening/verify_tray/ | MW_MODULE_ACCESS | 6074ms | 0 | CRITICAL
2026-07-31 17:23:58,251 REQ-31B2B2 | /inputscreening/verify_tray/ | TEMPLATE | 0ms | 0 | OK
2026-07-31 17:23:58,251 REQ-31B2B2 | /inputscreening/verify_tray/ | TOTAL | 6079ms | 13 | CRITICAL
2026-07-31 17:23:59,046 REQ-19E2AE | /rowlock/status/ | MIDDLEWARE_AUTH | 0ms | 0 | OK
2026-07-31 17:23:59,046 REQ-19E2AE | /rowlock/status/ | DB | 18ms | 3 | OK
2026-07-31 17:23:59,046 REQ-19E2AE | /rowlock/status/ | VIEW | 3334ms | 3 | SLOW
2026-07-31 17:23:59,046 REQ-19E2AE | /rowlock/status/ | MW_MODULE_ACCESS | 3323ms | 0 | SLOW
2026-07-31 17:23:59,046 REQ-19E2AE | /rowlock/status/ | TEMPLATE | 0ms | 0 | OK
2026-07-31 17:23:59,046 REQ-19E2AE | /rowlock/status/ | TOTAL | 3352ms | 3 | SLOW
2026-08-03 12:42:04,664 REQ-EA23CA | /dayplanning/dp_pick_table/ | MIDDLEWARE_AUTH | 94ms | 0 | OK
2026-08-03 12:42:04,664 REQ-EA23CA | /dayplanning/dp_pick_table/ | DB | 654ms | 40 | OK
2026-08-03 12:42:04,664 REQ-EA23CA | /dayplanning/dp_pick_table/ | VIEW | 58ms | 40 | OK
2026-08-03 12:42:04,664 REQ-EA23CA | /dayplanning/dp_pick_table/ | DP_PERMISSION_CHECK | 107ms | 0 | OK
2026-08-03 12:42:04,664 REQ-EA23CA | /dayplanning/dp_pick_table/ | DP_DATA_FETCH | 263ms | 0 | OK
2026-08-03 12:42:04,664 REQ-EA23CA | /dayplanning/dp_pick_table/ | DP_PROCESSING | 323ms | 0 | OK
2026-08-03 12:42:04,664 REQ-EA23CA | /dayplanning/dp_pick_table/ | MW_MODULE_ACCESS | 983ms | 0 | OK
2026-08-03 12:42:04,664 REQ-EA23CA | /dayplanning/dp_pick_table/ | TEMPLATE | 197ms | 0 | OK
2026-08-03 12:42:04,664 REQ-EA23CA | /dayplanning/dp_pick_table/ | TOTAL | 1002ms | 40 | SLOW
2026-08-03 15:39:31,985 REQ-092E5C | /dayplanning/dp_completed_table/ | MIDDLEWARE_AUTH | 2ms | 0 | OK
2026-08-03 15:39:31,985 REQ-092E5C | /dayplanning/dp_completed_table/ | DB | 28ms | 42 | OK
2026-08-03 15:39:31,985 REQ-092E5C | /dayplanning/dp_completed_table/ | VIEW | 7956ms | 42 | CRITICAL
2026-08-03 15:39:31,985 REQ-092E5C | /dayplanning/dp_completed_table/ | MW_MODULE_ACCESS | 8104ms | 0 | CRITICAL
2026-08-03 15:39:31,985 REQ-092E5C | /dayplanning/dp_completed_table/ | TEMPLATE | 120ms | 0 | OK
2026-08-03 15:39:31,985 REQ-092E5C | /dayplanning/dp_completed_table/ | TOTAL | 8107ms | 42 | CRITICAL
2026-08-04 10:08:36,715 REQ-3FD330 | /adminportal/api/shortcuts/ | MIDDLEWARE_AUTH | 1ms | 0 | OK
2026-08-04 10:08:36,715 REQ-3FD330 | /adminportal/api/shortcuts/ | DB | 376ms | 3 | OK
2026-08-04 10:08:36,715 REQ-3FD330 | /adminportal/api/shortcuts/ | VIEW | 791ms | 3 | OK
2026-08-04 10:08:36,715 REQ-3FD330 | /adminportal/api/shortcuts/ | MW_MODULE_ACCESS | 1122ms | 0 | SLOW
2026-08-04 10:08:36,715 REQ-3FD330 | /adminportal/api/shortcuts/ | TEMPLATE | 0ms | 0 | OK
2026-08-04 10:08:36,715 REQ-3FD330 | /adminportal/api/shortcuts/ | TOTAL | 1167ms | 3 | SLOW
2026-08-04 10:38:19,424 REQ-5E899E | /JigUnloading_Zone2/JU_Zone_MainTable/ | MIDDLEWARE_AUTH | 7ms | 0 | OK
2026-08-04 10:38:19,424 REQ-5E899E | /JigUnloading_Zone2/JU_Zone_MainTable/ | DB | 12516ms | 50 | CRITICAL
2026-08-04 10:38:19,424 REQ-5E899E | /JigUnloading_Zone2/JU_Zone_MainTable/ | VIEW | 3754ms | 50 | SLOW
2026-08-04 10:38:19,424 REQ-5E899E | /JigUnloading_Zone2/JU_Zone_MainTable/ | MW_MODULE_ACCESS | 19691ms | 0 | CRITICAL
2026-08-04 10:38:19,424 REQ-5E899E | /JigUnloading_Zone2/JU_Zone_MainTable/ | TEMPLATE | 3415ms | 0 | SLOW
2026-08-04 10:38:19,424 REQ-5E899E | /JigUnloading_Zone2/JU_Zone_MainTable/ | TOTAL | 19693ms | 50 | CRITICAL
2026-08-04 10:52:01,060 REQ-18B558 | /dayplanning/dp_completed_table/ | MIDDLEWARE_AUTH | 4ms | 0 | OK
2026-08-04 10:52:01,060 REQ-18B558 | /dayplanning/dp_completed_table/ | DB | 21ms | 7 | OK
2026-08-04 10:52:01,060 REQ-18B558 | /dayplanning/dp_completed_table/ | VIEW | 8839ms | 7 | CRITICAL
2026-08-04 10:52:01,060 REQ-18B558 | /dayplanning/dp_completed_table/ | MW_MODULE_ACCESS | 8969ms | 0 | CRITICAL
2026-08-04 10:52:01,060 REQ-18B558 | /dayplanning/dp_completed_table/ | TEMPLATE | 106ms | 0 | OK
2026-08-04 10:52:01,060 REQ-18B558 | /dayplanning/dp_completed_table/ | TOTAL | 8971ms | 7 | CRITICAL
2026-08-04 11:41:34,293 REQ-6BDDCA | /dayplanning/tray_id_unique_check/ | MIDDLEWARE_AUTH | 175ms | 0 | OK
2026-08-04 11:41:34,294 REQ-6BDDCA | /dayplanning/tray_id_unique_check/ | DB | 930ms | 6 | OK
2026-08-04 11:41:34,294 REQ-6BDDCA | /dayplanning/tray_id_unique_check/ | VIEW | 0ms | 6 | OK
2026-08-04 11:41:34,294 REQ-6BDDCA | /dayplanning/tray_id_unique_check/ | MW_MODULE_ACCESS | 1068ms | 0 | SLOW
2026-08-04 11:41:34,294 REQ-6BDDCA | /dayplanning/tray_id_unique_check/ | TEMPLATE | 0ms | 0 | OK
2026-08-04 11:41:34,294 REQ-6BDDCA | /dayplanning/tray_id_unique_check/ | TOTAL | 1078ms | 6 | SLOW
2026-08-04 11:58:50,701 REQ-120D29 | /jig_unloading/api/validate_tray_occupancy_z1/ | MIDDLEWARE_AUTH | 1256ms | 0 | SLOW
2026-08-04 11:58:50,701 REQ-120D29 | /jig_unloading/api/validate_tray_occupancy_z1/ | DB | 33ms | 7 | OK
2026-08-04 11:58:50,701 REQ-120D29 | /jig_unloading/api/validate_tray_occupancy_z1/ | VIEW | 18ms | 7 | OK
2026-08-04 11:58:50,701 REQ-120D29 | /jig_unloading/api/validate_tray_occupancy_z1/ | MW_MODULE_ACCESS | 1302ms | 0 | SLOW
2026-08-04 11:58:50,701 REQ-120D29 | /jig_unloading/api/validate_tray_occupancy_z1/ | TEMPLATE | 0ms | 0 | OK
2026-08-04 11:58:50,701 REQ-120D29 | /jig_unloading/api/validate_tray_occupancy_z1/ | TOTAL | 1307ms | 7 | SLOW
2026-08-04 13:05:25,871 REQ-3866BA | /rowlock/status/ | MIDDLEWARE_AUTH | 0ms | 0 | OK
2026-08-04 13:05:25,871 REQ-3866BA | /rowlock/status/ | DB | 12ms | 3 | OK
2026-08-04 13:05:25,871 REQ-3866BA | /rowlock/status/ | VIEW | 1012ms | 3 | SLOW
2026-08-04 13:05:25,871 REQ-3866BA | /rowlock/status/ | MW_MODULE_ACCESS | 1011ms | 0 | SLOW
2026-08-04 13:05:25,871 REQ-3866BA | /rowlock/status/ | TEMPLATE | 0ms | 0 | OK
2026-08-04 13:05:25,871 REQ-3866BA | /rowlock/status/ | TOTAL | 1024ms | 3 | SLOW
2026-08-04 15:08:53,382 REQ-218D6F | /rowlock/status/ | MIDDLEWARE_AUTH | 0ms | 0 | OK
2026-08-04 15:08:53,382 REQ-218D6F | /rowlock/status/ | DB | 11ms | 3 | OK
2026-08-04 15:08:53,382 REQ-218D6F | /rowlock/status/ | VIEW | 1324ms | 3 | SLOW
2026-08-04 15:08:53,382 REQ-218D6F | /rowlock/status/ | MW_MODULE_ACCESS | 1330ms | 0 | SLOW
2026-08-04 15:08:53,382 REQ-218D6F | /rowlock/status/ | TEMPLATE | 0ms | 0 | OK
2026-08-04 15:08:53,382 REQ-218D6F | /rowlock/status/ | TOTAL | 1335ms | 3 | SLOW
2026-08-05 08:57:04,734 REQ-994850 | /accounts/login/ | MIDDLEWARE_AUTH | 0ms | 0 | OK
2026-08-05 08:57:04,734 REQ-994850 | /accounts/login/ | DB | 61ms | 16 | OK
2026-08-05 08:57:04,734 REQ-994850 | /accounts/login/ | VIEW | 1197ms | 16 | SLOW
2026-08-05 08:57:04,734 REQ-994850 | /accounts/login/ | MW_MODULE_ACCESS | 1256ms | 0 | SLOW
2026-08-05 08:57:04,734 REQ-994850 | /accounts/login/ | TEMPLATE | 0ms | 0 | OK
2026-08-05 08:57:04,734 REQ-994850 | /accounts/login/ | TOTAL | 1258ms | 16 | SLOW
2026-08-05 08:57:33,595 REQ-24B5EF | /spider_spindle_zone_two/ss_z2_completed/ | MIDDLEWARE_AUTH | 8ms | 0 | OK
2026-08-05 08:57:33,595 REQ-24B5EF | /spider_spindle_zone_two/ss_z2_completed/ | DB | 26ms | 20 | OK
2026-08-05 08:57:33,595 REQ-24B5EF | /spider_spindle_zone_two/ss_z2_completed/ | VIEW | 19128ms | 20 | CRITICAL
2026-08-05 08:57:33,595 REQ-24B5EF | /spider_spindle_zone_two/ss_z2_completed/ | MW_MODULE_ACCESS | 19206ms | 0 | CRITICAL
2026-08-05 08:57:33,595 REQ-24B5EF | /spider_spindle_zone_two/ss_z2_completed/ | TEMPLATE | 48ms | 0 | OK
2026-08-05 08:57:33,595 REQ-24B5EF | /spider_spindle_zone_two/ss_z2_completed/ | TOTAL | 19211ms | 20 | CRITICAL
2026-08-05 10:43:47,658 REQ-5843BA | /rowlock/status/ | MIDDLEWARE_AUTH | 0ms | 0 | OK
2026-08-05 10:43:47,658 REQ-5843BA | /rowlock/status/ | DB | 3ms | 3 | OK
2026-08-05 10:43:47,658 REQ-5843BA | /rowlock/status/ | VIEW | 1827ms | 3 | SLOW
2026-08-05 10:43:47,658 REQ-5843BA | /rowlock/status/ | MW_MODULE_ACCESS | 1815ms | 0 | SLOW
2026-08-05 10:43:47,658 REQ-5843BA | /rowlock/status/ | TEMPLATE | 0ms | 0 | OK
2026-08-05 10:43:47,658 REQ-5843BA | /rowlock/status/ | TOTAL | 1830ms | 3 | SLOW
2026-08-05 10:45:30,667 REQ-B52181 | /rowlock/status/ | MIDDLEWARE_AUTH | 0ms | 0 | OK
2026-08-05 10:45:30,667 REQ-B52181 | /rowlock/status/ | DB | 12ms | 3 | OK
2026-08-05 10:45:30,667 REQ-B52181 | /rowlock/status/ | VIEW | 2173ms | 3 | SLOW
2026-08-05 10:45:30,667 REQ-B52181 | /rowlock/status/ | MW_MODULE_ACCESS | 2180ms | 0 | SLOW
2026-08-05 10:45:30,667 REQ-B52181 | /rowlock/status/ | TEMPLATE | 0ms | 0 | OK
2026-08-05 10:45:30,667 REQ-B52181 | /rowlock/status/ | TOTAL | 2186ms | 3 | SLOW
2026-08-05 16:22:23,798 REQ-45BBB7 | /nickle_inspection/api/action/ | MIDDLEWARE_AUTH | 2ms | 0 | OK
2026-08-05 16:22:23,798 REQ-45BBB7 | /nickle_inspection/api/action/ | DB | 13ms | 8 | OK
2026-08-05 16:22:23,798 REQ-45BBB7 | /nickle_inspection/api/action/ | VIEW | 1637ms | 8 | SLOW
2026-08-05 16:22:23,798 REQ-45BBB7 | /nickle_inspection/api/action/ | MW_MODULE_ACCESS | 1649ms | 0 | SLOW
2026-08-05 16:22:23,798 REQ-45BBB7 | /nickle_inspection/api/action/ | TEMPLATE | 0ms | 0 | OK
2026-08-05 16:22:23,798 REQ-45BBB7 | /nickle_inspection/api/action/ | TOTAL | 1652ms | 8 | SLOW
2026-08-05 16:22:36,971 REQ-AFCD9A | /accounts/login/ | MIDDLEWARE_AUTH | 0ms | 0 | OK
2026-08-05 16:22:36,971 REQ-AFCD9A | /accounts/login/ | DB | 14ms | 16 | OK
2026-08-05 16:22:36,971 REQ-AFCD9A | /accounts/login/ | VIEW | 3968ms | 16 | SLOW
2026-08-05 16:22:36,971 REQ-AFCD9A | /accounts/login/ | MW_MODULE_ACCESS | 3980ms | 0 | SLOW
2026-08-05 16:22:36,971 REQ-AFCD9A | /accounts/login/ | TEMPLATE | 0ms | 0 | OK
2026-08-05 16:22:36,971 REQ-AFCD9A | /accounts/login/ | TOTAL | 3982ms | 16 | SLOW
2026-08-05 16:22:50,906 REQ-4C1625 | /nickle_inspection/api/action/ | MIDDLEWARE_AUTH | 28765ms | 0 | CRITICAL
2026-08-05 16:22:50,906 REQ-4C1625 | /nickle_inspection/api/action/ | DB | 58ms | 5 | OK
2026-08-05 16:22:50,906 REQ-4C1625 | /nickle_inspection/api/action/ | VIEW | 0ms | 5 | OK
2026-08-05 16:22:50,906 REQ-4C1625 | /nickle_inspection/api/action/ | MW_MODULE_ACCESS | 28779ms | 0 | CRITICAL
2026-08-05 16:22:50,906 REQ-4C1625 | /nickle_inspection/api/action/ | TEMPLATE | 0ms | 0 | OK
2026-08-05 16:22:50,906 REQ-4C1625 | /nickle_inspection/api/action/ | TOTAL | 28787ms | 5 | CRITICAL
2026-08-05 16:22:53,616 REQ-9D7933 | /nickle_inspection/api/action/ | MIDDLEWARE_AUTH | 15136ms | 0 | CRITICAL
2026-08-05 16:22:53,616 REQ-9D7933 | /nickle_inspection/api/action/ | DB | 17ms | 4 | OK
2026-08-05 16:22:53,616 REQ-9D7933 | /nickle_inspection/api/action/ | VIEW | 85ms | 4 | OK
2026-08-05 16:22:53,616 REQ-9D7933 | /nickle_inspection/api/action/ | MW_MODULE_ACCESS | 15139ms | 0 | CRITICAL
2026-08-05 16:22:53,616 REQ-9D7933 | /nickle_inspection/api/action/ | TEMPLATE | 0ms | 0 | OK
2026-08-05 16:22:53,616 REQ-9D7933 | /nickle_inspection/api/action/ | TOTAL | 15238ms | 4 | CRITICAL
2026-08-05 16:22:53,976 REQ-522729 | /nickle_inspection/api/action/ | MIDDLEWARE_AUTH | 11542ms | 0 | CRITICAL
2026-08-05 16:22:53,976 REQ-522729 | /nickle_inspection/api/action/ | DB | 19ms | 5 | OK
2026-08-05 16:22:53,976 REQ-522729 | /nickle_inspection/api/action/ | VIEW | 1ms | 5 | OK
2026-08-05 16:22:53,976 REQ-522729 | /nickle_inspection/api/action/ | MW_MODULE_ACCESS | 11557ms | 0 | CRITICAL
2026-08-05 16:22:53,976 REQ-522729 | /nickle_inspection/api/action/ | TEMPLATE | 0ms | 0 | OK
2026-08-05 16:22:53,976 REQ-522729 | /nickle_inspection/api/action/ | TOTAL | 11562ms | 5 | CRITICAL
2026-08-05 16:22:54,151 REQ-FC6CF4 | /nickle_inspection/api/action/ | MIDDLEWARE_AUTH | 7418ms | 0 | CRITICAL
2026-08-05 16:22:54,151 REQ-FC6CF4 | /nickle_inspection/api/action/ | DB | 28ms | 8 | OK
2026-08-05 16:22:54,151 REQ-FC6CF4 | /nickle_inspection/api/action/ | VIEW | 32ms | 8 | OK
2026-08-05 16:22:54,152 REQ-FC6CF4 | /nickle_inspection/api/action/ | MW_MODULE_ACCESS | 7472ms | 0 | CRITICAL
2026-08-05 16:22:54,152 REQ-FC6CF4 | /nickle_inspection/api/action/ | TEMPLATE | 0ms | 0 | OK
2026-08-05 16:22:54,152 REQ-FC6CF4 | /nickle_inspection/api/action/ | TOTAL | 7478ms | 8 | CRITICAL
2026-08-05 16:26:45,347 REQ-DBDBEB | /rowlock/status/ | MIDDLEWARE_AUTH | 0ms | 0 | OK
2026-08-05 16:26:45,347 REQ-DBDBEB | /rowlock/status/ | DB | 12ms | 3 | OK
2026-08-05 16:26:45,347 REQ-DBDBEB | /rowlock/status/ | VIEW | 1078ms | 3 | SLOW
2026-08-05 16:26:45,347 REQ-DBDBEB | /rowlock/status/ | MW_MODULE_ACCESS | 1085ms | 0 | SLOW
2026-08-05 16:26:45,347 REQ-DBDBEB | /rowlock/status/ | TEMPLATE | 0ms | 0 | OK
2026-08-05 16:26:45,347 REQ-DBDBEB | /rowlock/status/ | TOTAL | 1090ms | 3 | SLOW
2026-08-05 16:46:44,980 REQ-DA4F45 | /accounts/login/ | MIDDLEWARE_AUTH | 6ms | 0 | OK
2026-08-05 16:46:44,980 REQ-DA4F45 | /accounts/login/ | DB | 1686ms | 16 | SLOW
2026-08-05 16:46:44,980 REQ-DA4F45 | /accounts/login/ | VIEW | 1211ms | 16 | SLOW
2026-08-05 16:46:44,980 REQ-DA4F45 | /accounts/login/ | MW_MODULE_ACCESS | 2894ms | 0 | SLOW
2026-08-05 16:46:44,980 REQ-DA4F45 | /accounts/login/ | TEMPLATE | 0ms | 0 | OK
2026-08-05 16:46:44,980 REQ-DA4F45 | /accounts/login/ | TOTAL | 2903ms | 16 | SLOW
2026-08-05 16:51:54,589 REQ-F08B7E | /jig_unloading/api/validate_tray_occupancy_z1/ | MIDDLEWARE_AUTH | 938ms | 0 | OK
2026-08-05 16:51:54,589 REQ-F08B7E | /jig_unloading/api/validate_tray_occupancy_z1/ | DB | 46ms | 14 | OK
2026-08-05 16:51:54,589 REQ-F08B7E | /jig_unloading/api/validate_tray_occupancy_z1/ | VIEW | 25ms | 14 | OK
2026-08-05 16:51:54,589 REQ-F08B7E | /jig_unloading/api/validate_tray_occupancy_z1/ | MW_MODULE_ACCESS | 1001ms | 0 | SLOW
2026-08-05 16:51:54,589 REQ-F08B7E | /jig_unloading/api/validate_tray_occupancy_z1/ | TEMPLATE | 0ms | 0 | OK
2026-08-05 16:51:54,589 REQ-F08B7E | /jig_unloading/api/validate_tray_occupancy_z1/ | TOTAL | 1009ms | 14 | SLOW
2026-08-05 16:55:40,906 REQ-3832A9 | /nickle_inspection/api/action/ | MIDDLEWARE_AUTH | 130ms | 0 | OK
2026-08-05 16:55:40,906 REQ-3832A9 | /nickle_inspection/api/action/ | DB | 891ms | 165 | OK
2026-08-05 16:55:40,906 REQ-3832A9 | /nickle_inspection/api/action/ | VIEW | 71ms | 165 | OK
2026-08-05 16:55:40,906 REQ-3832A9 | /nickle_inspection/api/action/ | MW_MODULE_ACCESS | 1083ms | 0 | SLOW
2026-08-05 16:55:40,906 REQ-3832A9 | /nickle_inspection/api/action/ | TEMPLATE | 0ms | 0 | OK
2026-08-05 16:55:40,906 REQ-3832A9 | /nickle_inspection/api/action/ | TOTAL | 1092ms | 165 | SLOW
2026-08-06 10:30:37,310 REQ-E96AB4 | /rowlock/status/ | MIDDLEWARE_AUTH | 0ms | 0 | OK
2026-08-06 10:30:37,310 REQ-E96AB4 | /rowlock/status/ | DB | 14ms | 3 | OK
2026-08-06 10:30:37,310 REQ-E96AB4 | /rowlock/status/ | VIEW | 10248ms | 3 | CRITICAL
2026-08-06 10:30:37,310 REQ-E96AB4 | /rowlock/status/ | MW_MODULE_ACCESS | 10257ms | 0 | CRITICAL
2026-08-06 10:30:37,310 REQ-E96AB4 | /rowlock/status/ | TEMPLATE | 0ms | 0 | OK
2026-08-06 10:30:37,310 REQ-E96AB4 | /rowlock/status/ | TOTAL | 10262ms | 3 | CRITICAL
2026-08-06 10:30:38,171 REQ-D6EA3C | /rowlock/status/ | MIDDLEWARE_AUTH | 0ms | 0 | OK
2026-08-06 10:30:38,171 REQ-D6EA3C | /rowlock/status/ | DB | 44ms | 3 | OK
2026-08-06 10:30:38,171 REQ-D6EA3C | /rowlock/status/ | VIEW | 1521ms | 3 | SLOW
2026-08-06 10:30:38,171 REQ-D6EA3C | /rowlock/status/ | MW_MODULE_ACCESS | 1539ms | 0 | SLOW
2026-08-06 10:30:38,171 REQ-D6EA3C | /rowlock/status/ | TEMPLATE | 0ms | 0 | OK
2026-08-06 10:30:38,171 REQ-D6EA3C | /rowlock/status/ | TOTAL | 1565ms | 3 | SLOW
2026-08-06 10:31:26,244 REQ-FB0E14 | /rowlock/status/ | MIDDLEWARE_AUTH | 0ms | 0 | OK
2026-08-06 10:31:26,244 REQ-FB0E14 | /rowlock/status/ | DB | 1ms | 3 | OK
2026-08-06 10:31:26,244 REQ-FB0E14 | /rowlock/status/ | VIEW | 1406ms | 3 | SLOW
2026-08-06 10:31:26,244 REQ-FB0E14 | /rowlock/status/ | MW_MODULE_ACCESS | 1405ms | 0 | SLOW
2026-08-06 10:31:26,244 REQ-FB0E14 | /rowlock/status/ | TEMPLATE | 0ms | 0 | OK
2026-08-06 10:31:26,244 REQ-FB0E14 | /rowlock/status/ | TOTAL | 1407ms | 3 | SLOW
2026-08-06 10:31:32,582 REQ-83E1B3 | /jig_unloading/api/validate_tray_occupancy_z1/ | MIDDLEWARE_AUTH | 4ms | 0 | OK
2026-08-06 10:31:32,582 REQ-83E1B3 | /jig_unloading/api/validate_tray_occupancy_z1/ | DB | 41ms | 10 | OK
2026-08-06 10:31:32,582 REQ-83E1B3 | /jig_unloading/api/validate_tray_occupancy_z1/ | VIEW | 2224ms | 10 | SLOW
2026-08-06 10:31:32,582 REQ-83E1B3 | /jig_unloading/api/validate_tray_occupancy_z1/ | MW_MODULE_ACCESS | 2266ms | 0 | SLOW
2026-08-06 10:31:32,582 REQ-83E1B3 | /jig_unloading/api/validate_tray_occupancy_z1/ | TEMPLATE | 0ms | 0 | OK
2026-08-06 10:31:32,582 REQ-83E1B3 | /jig_unloading/api/validate_tray_occupancy_z1/ | TOTAL | 2269ms | 10 | SLOW
2026-08-06 10:31:51,857 REQ-BC1974 | /jig_unloading/api/validate_tray_occupancy_z1/ | MIDDLEWARE_AUTH | 13567ms | 0 | CRITICAL
2026-08-06 10:31:51,857 REQ-BC1974 | /jig_unloading/api/validate_tray_occupancy_z1/ | DB | 4013ms | 10 | SLOW
2026-08-06 10:31:51,857 REQ-BC1974 | /jig_unloading/api/validate_tray_occupancy_z1/ | VIEW | 1597ms | 10 | SLOW
2026-08-06 10:31:51,857 REQ-BC1974 | /jig_unloading/api/validate_tray_occupancy_z1/ | MW_MODULE_ACCESS | 16079ms | 0 | CRITICAL
2026-08-06 10:31:51,857 REQ-BC1974 | /jig_unloading/api/validate_tray_occupancy_z1/ | TEMPLATE | 0ms | 0 | OK
2026-08-06 10:31:51,857 REQ-BC1974 | /jig_unloading/api/validate_tray_occupancy_z1/ | TOTAL | 19177ms | 10 | CRITICAL
2026-08-06 10:32:09,067 REQ-A4FBB2 | /rowlock/status/ | MIDDLEWARE_AUTH | 0ms | 0 | OK
2026-08-06 10:32:09,067 REQ-A4FBB2 | /rowlock/status/ | DB | 9027ms | 3 | CRITICAL
2026-08-06 10:32:09,067 REQ-A4FBB2 | /rowlock/status/ | VIEW | 26980ms | 3 | CRITICAL
2026-08-06 10:32:09,067 REQ-A4FBB2 | /rowlock/status/ | MW_MODULE_ACCESS | 31764ms | 0 | CRITICAL
2026-08-06 10:32:09,067 REQ-A4FBB2 | /rowlock/status/ | TEMPLATE | 0ms | 0 | OK
2026-08-06 10:32:09,067 REQ-A4FBB2 | /rowlock/status/ | TOTAL | 36007ms | 3 | CRITICAL
2026-08-06 10:32:09,086 REQ-8AEBC4 | /rowlock/heartbeat/ | MIDDLEWARE_AUTH | 0ms | 0 | OK
2026-08-06 10:32:09,086 REQ-8AEBC4 | /rowlock/heartbeat/ | DB | 18807ms | 4 | CRITICAL
2026-08-06 10:32:09,086 REQ-8AEBC4 | /rowlock/heartbeat/ | VIEW | 17406ms | 4 | CRITICAL
2026-08-06 10:32:09,086 REQ-8AEBC4 | /rowlock/heartbeat/ | MW_MODULE_ACCESS | 35937ms | 0 | CRITICAL
2026-08-06 10:32:09,086 REQ-8AEBC4 | /rowlock/heartbeat/ | TEMPLATE | 0ms | 0 | OK
2026-08-06 10:32:09,086 REQ-8AEBC4 | /rowlock/heartbeat/ | TOTAL | 36213ms | 4 | CRITICAL
2026-08-06 10:32:09,086 REQ-E3FFD0 | /jig_unloading/api/validate_tray_occupancy_z1/ | MIDDLEWARE_AUTH | 2ms | 0 | OK
2026-08-06 10:32:09,086 REQ-E3FFD0 | /jig_unloading/api/validate_tray_occupancy_z1/ | DB | 241ms | 10 | OK
2026-08-06 10:32:09,086 REQ-E3FFD0 | /jig_unloading/api/validate_tray_occupancy_z1/ | VIEW | 2543ms | 10 | SLOW
2026-08-06 10:32:09,086 REQ-E3FFD0 | /jig_unloading/api/validate_tray_occupancy_z1/ | MW_MODULE_ACCESS | 2548ms | 0 | SLOW
2026-08-06 10:32:09,086 REQ-E3FFD0 | /jig_unloading/api/validate_tray_occupancy_z1/ | TEMPLATE | 0ms | 0 | OK
2026-08-06 10:32:09,086 REQ-E3FFD0 | /jig_unloading/api/validate_tray_occupancy_z1/ | TOTAL | 2787ms | 10 | SLOW
2026-08-06 10:32:27,000 REQ-B2DE47 | /jig_unloading/api/validate_tray_occupancy_z1/ | MIDDLEWARE_AUTH | 29481ms | 0 | CRITICAL
2026-08-06 10:32:27,000 REQ-B2DE47 | /jig_unloading/api/validate_tray_occupancy_z1/ | DB | 44ms | 10 | OK
2026-08-06 10:32:27,000 REQ-B2DE47 | /jig_unloading/api/validate_tray_occupancy_z1/ | VIEW | 18299ms | 10 | CRITICAL
2026-08-06 10:32:27,000 REQ-B2DE47 | /jig_unloading/api/validate_tray_occupancy_z1/ | MW_MODULE_ACCESS | 47304ms | 0 | CRITICAL
2026-08-06 10:32:27,000 REQ-B2DE47 | /jig_unloading/api/validate_tray_occupancy_z1/ | TEMPLATE | 0ms | 0 | OK
2026-08-06 10:32:27,000 REQ-B2DE47 | /jig_unloading/api/validate_tray_occupancy_z1/ | TOTAL | 47824ms | 10 | CRITICAL
2026-08-06 10:32:27,479 REQ-AF7BF0 | /jig_unloading/api/validate_tray_occupancy_z1/ | MIDDLEWARE_AUTH | 24931ms | 0 | CRITICAL
2026-08-06 10:32:27,479 REQ-AF7BF0 | /jig_unloading/api/validate_tray_occupancy_z1/ | DB | 85ms | 10 | OK
2026-08-06 10:32:27,479 REQ-AF7BF0 | /jig_unloading/api/validate_tray_occupancy_z1/ | VIEW | 14857ms | 10 | CRITICAL
2026-08-06 10:32:27,479 REQ-AF7BF0 | /jig_unloading/api/validate_tray_occupancy_z1/ | MW_MODULE_ACCESS | 39701ms | 0 | CRITICAL
2026-08-06 10:32:27,479 REQ-AF7BF0 | /jig_unloading/api/validate_tray_occupancy_z1/ | TEMPLATE | 0ms | 0 | OK
2026-08-06 10:32:27,479 REQ-AF7BF0 | /jig_unloading/api/validate_tray_occupancy_z1/ | TOTAL | 39873ms | 10 | CRITICAL
2026-08-06 10:32:27,495 REQ-EB6832 | /jig_unloading/api/validate_tray_occupancy_z1/ | MIDDLEWARE_AUTH | 33359ms | 0 | CRITICAL
2026-08-06 10:32:27,495 REQ-EB6832 | /jig_unloading/api/validate_tray_occupancy_z1/ | DB | 241ms | 10 | OK
2026-08-06 10:32:27,495 REQ-EB6832 | /jig_unloading/api/validate_tray_occupancy_z1/ | VIEW | 5796ms | 10 | CRITICAL
2026-08-06 10:32:27,495 REQ-EB6832 | /jig_unloading/api/validate_tray_occupancy_z1/ | MW_MODULE_ACCESS | 39210ms | 0 | CRITICAL
2026-08-06 10:32:27,495 REQ-EB6832 | /jig_unloading/api/validate_tray_occupancy_z1/ | TEMPLATE | 0ms | 0 | OK
2026-08-06 10:32:27,495 REQ-EB6832 | /jig_unloading/api/validate_tray_occupancy_z1/ | TOTAL | 39397ms | 10 | CRITICAL
2026-08-06 10:32:27,667 REQ-A69554 | /JigUnloading_Zone2/JU_Zone_MainTable/ | MIDDLEWARE_AUTH | 1969ms | 0 | SLOW
2026-08-06 10:32:27,667 REQ-A69554 | /JigUnloading_Zone2/JU_Zone_MainTable/ | DB | 634ms | 37 | OK
2026-08-06 10:32:27,667 REQ-A69554 | /JigUnloading_Zone2/JU_Zone_MainTable/ | VIEW | 52534ms | 37 | CRITICAL
2026-08-06 10:32:27,667 REQ-A69554 | /JigUnloading_Zone2/JU_Zone_MainTable/ | MW_MODULE_ACCESS | 54834ms | 0 | CRITICAL
2026-08-06 10:32:27,667 REQ-A69554 | /JigUnloading_Zone2/JU_Zone_MainTable/ | TEMPLATE | 16ms | 0 | OK
2026-08-06 10:32:27,667 REQ-A69554 | /JigUnloading_Zone2/JU_Zone_MainTable/ | TOTAL | 55152ms | 37 | CRITICAL
2026-08-06 10:32:28,220 REQ-23D57C | /rowlock/status/ | MIDDLEWARE_AUTH | 0ms | 0 | OK
2026-08-06 10:32:28,220 REQ-23D57C | /rowlock/status/ | DB | 12ms | 3 | OK
2026-08-06 10:32:28,220 REQ-23D57C | /rowlock/status/ | VIEW | 38543ms | 3 | CRITICAL
2026-08-06 10:32:28,220 REQ-23D57C | /rowlock/status/ | MW_MODULE_ACCESS | 38186ms | 0 | CRITICAL
2026-08-06 10:32:28,220 REQ-23D57C | /rowlock/status/ | TEMPLATE | 0ms | 0 | OK
2026-08-06 10:32:28,220 REQ-23D57C | /rowlock/status/ | TOTAL | 38555ms | 3 | CRITICAL
2026-08-06 10:32:28,220 REQ-FE08C2 | /accounts/login/ | MIDDLEWARE_AUTH | 0ms | 0 | OK
2026-08-06 10:32:28,220 REQ-FE08C2 | /accounts/login/ | DB | 18ms | 16 | OK
2026-08-06 10:32:28,220 REQ-FE08C2 | /accounts/login/ | VIEW | 1190ms | 16 | SLOW
2026-08-06 10:32:28,220 REQ-FE08C2 | /accounts/login/ | MW_MODULE_ACCESS | 1134ms | 0 | SLOW
2026-08-06 10:32:28,220 REQ-FE08C2 | /accounts/login/ | TEMPLATE | 0ms | 0 | OK
2026-08-06 10:32:28,220 REQ-FE08C2 | /accounts/login/ | TOTAL | 1209ms | 16 | SLOW
2026-08-06 10:32:28,706 REQ-EEFC7C | /jig_unloading/api/validate_tray_occupancy_z1/ | MIDDLEWARE_AUTH | 19692ms | 0 | CRITICAL
2026-08-06 10:32:28,706 REQ-EEFC7C | /jig_unloading/api/validate_tray_occupancy_z1/ | DB | 80ms | 10 | OK
2026-08-06 10:32:28,706 REQ-EEFC7C | /jig_unloading/api/validate_tray_occupancy_z1/ | VIEW | 77ms | 10 | OK
2026-08-06 10:32:28,706 REQ-EEFC7C | /jig_unloading/api/validate_tray_occupancy_z1/ | MW_MODULE_ACCESS | 19827ms | 0 | CRITICAL
2026-08-06 10:32:28,706 REQ-EEFC7C | /jig_unloading/api/validate_tray_occupancy_z1/ | TEMPLATE | 0ms | 0 | OK
2026-08-06 10:32:28,706 REQ-EEFC7C | /jig_unloading/api/validate_tray_occupancy_z1/ | TOTAL | 19849ms | 10 | CRITICAL
2026-08-06 10:32:29,427 REQ-25164F | /inprocess_inspection/inprocess_inspection_main/ | MIDDLEWARE_AUTH | 18744ms | 0 | CRITICAL
2026-08-06 10:32:29,427 REQ-25164F | /inprocess_inspection/inprocess_inspection_main/ | DB | 89ms | 6 | OK
2026-08-06 10:32:29,427 REQ-25164F | /inprocess_inspection/inprocess_inspection_main/ | VIEW | 312ms | 6 | OK
2026-08-06 10:32:29,427 REQ-25164F | /inprocess_inspection/inprocess_inspection_main/ | MW_MODULE_ACCESS | 18839ms | 0 | CRITICAL
2026-08-06 10:32:29,427 REQ-25164F | /inprocess_inspection/inprocess_inspection_main/ | TEMPLATE | 12ms | 0 | OK
2026-08-06 10:32:29,427 REQ-25164F | /inprocess_inspection/inprocess_inspection_main/ | TOTAL | 19157ms | 6 | CRITICAL
2026-08-06 15:18:25,785 REQ-319999 | /accounts/login/ | MIDDLEWARE_AUTH | 1ms | 0 | OK
2026-08-06 15:18:25,785 REQ-319999 | /accounts/login/ | DB | 1114ms | 16 | SLOW
2026-08-06 15:18:25,785 REQ-319999 | /accounts/login/ | VIEW | 838ms | 16 | OK
2026-08-06 15:18:25,785 REQ-319999 | /accounts/login/ | MW_MODULE_ACCESS | 1949ms | 0 | SLOW
2026-08-06 15:18:25,785 REQ-319999 | /accounts/login/ | TEMPLATE | 0ms | 0 | OK
2026-08-06 15:18:25,785 REQ-319999 | /accounts/login/ | TOTAL | 1953ms | 16 | SLOW
2026-08-06 15:22:33,149 REQ-20A333 | /rowlock/status/ | MIDDLEWARE_AUTH | 0ms | 0 | OK
2026-08-06 15:22:33,150 REQ-20A333 | /rowlock/status/ | DB | 35ms | 3 | OK
2026-08-06 15:22:33,150 REQ-20A333 | /rowlock/status/ | VIEW | 1127ms | 3 | SLOW
2026-08-06 15:22:33,151 REQ-20A333 | /rowlock/status/ | MW_MODULE_ACCESS | 1112ms | 0 | SLOW
2026-08-06 15:22:33,151 REQ-20A333 | /rowlock/status/ | TEMPLATE | 0ms | 0 | OK
2026-08-06 15:22:33,151 REQ-20A333 | /rowlock/status/ | TOTAL | 1162ms | 3 | SLOW
2026-08-06 16:38:56,357 REQ-81AA56 | /rowlock/status/ | MIDDLEWARE_AUTH | 0ms | 0 | OK
2026-08-06 16:38:56,357 REQ-81AA56 | /rowlock/status/ | DB | 12ms | 3 | OK
2026-08-06 16:38:56,357 REQ-81AA56 | /rowlock/status/ | VIEW | 1977ms | 3 | SLOW
2026-08-06 16:38:56,357 REQ-81AA56 | /rowlock/status/ | MW_MODULE_ACCESS | 1959ms | 0 | SLOW
2026-08-06 16:38:56,357 REQ-81AA56 | /rowlock/status/ | TEMPLATE | 0ms | 0 | OK
2026-08-06 16:38:56,357 REQ-81AA56 | /rowlock/status/ | TOTAL | 1989ms | 3 | SLOW
2026-08-06 17:27:43,342 REQ-5D0F2B | /inputscreening/full_accept/ | MIDDLEWARE_AUTH | 2ms | 0 | OK
2026-08-06 17:27:43,342 REQ-5D0F2B | /inputscreening/full_accept/ | DB | 1280ms | 25 | SLOW
2026-08-06 17:27:43,342 REQ-5D0F2B | /inputscreening/full_accept/ | VIEW | 19ms | 25 | OK
2026-08-06 17:27:43,342 REQ-5D0F2B | /inputscreening/full_accept/ | MW_MODULE_ACCESS | 1299ms | 0 | SLOW
2026-08-06 17:27:43,342 REQ-5D0F2B | /inputscreening/full_accept/ | TEMPLATE | 0ms | 0 | OK
2026-08-06 17:27:43,343 REQ-5D0F2B | /inputscreening/full_accept/ | TOTAL | 1301ms | 25 | SLOW
2026-08-07 10:15:15,530 REQ-E4D8D9 | /rowlock/status/ | MIDDLEWARE_AUTH | 0ms | 0 | OK
2026-08-07 10:15:15,530 REQ-E4D8D9 | /rowlock/status/ | DB | 6ms | 3 | OK
2026-08-07 10:15:15,530 REQ-E4D8D9 | /rowlock/status/ | VIEW | 1248ms | 3 | SLOW
2026-08-07 10:15:15,530 REQ-E4D8D9 | /rowlock/status/ | MW_MODULE_ACCESS | 1253ms | 0 | SLOW
2026-08-07 10:15:15,530 REQ-E4D8D9 | /rowlock/status/ | TEMPLATE | 0ms | 0 | OK
2026-08-07 10:15:15,530 REQ-E4D8D9 | /rowlock/status/ | TOTAL | 1255ms | 3 | SLOW
2026-08-07 10:15:33,397 REQ-F3D094 | /accounts/login/ | MIDDLEWARE_AUTH | 0ms | 0 | OK
2026-08-07 10:15:33,397 REQ-F3D094 | /accounts/login/ | DB | 64ms | 16 | OK
2026-08-07 10:15:33,397 REQ-F3D094 | /accounts/login/ | VIEW | 19064ms | 16 | CRITICAL
2026-08-07 10:15:33,397 REQ-F3D094 | /accounts/login/ | MW_MODULE_ACCESS | 19126ms | 0 | CRITICAL
2026-08-07 10:15:33,397 REQ-F3D094 | /accounts/login/ | TEMPLATE | 0ms | 0 | OK
2026-08-07 10:15:33,397 REQ-F3D094 | /accounts/login/ | TOTAL | 19128ms | 16 | CRITICAL
2026-08-07 10:15:34,352 REQ-83B3E1 | /adminportal/api/shortcuts/ | MIDDLEWARE_AUTH | 1ms | 0 | OK
2026-08-07 10:15:34,352 REQ-83B3E1 | /adminportal/api/shortcuts/ | DB | 88ms | 2 | OK
2026-08-07 10:15:34,352 REQ-83B3E1 | /adminportal/api/shortcuts/ | VIEW | 8624ms | 2 | CRITICAL
2026-08-07 10:15:34,352 REQ-83B3E1 | /adminportal/api/shortcuts/ | MW_MODULE_ACCESS | 8097ms | 0 | CRITICAL
2026-08-07 10:15:34,352 REQ-83B3E1 | /adminportal/api/shortcuts/ | TEMPLATE | 0ms | 0 | OK
2026-08-07 10:15:34,352 REQ-83B3E1 | /adminportal/api/shortcuts/ | TOTAL | 8713ms | 2 | CRITICAL
2026-08-07 10:15:35,953 REQ-0C8681 | /rowlock/status/ | MIDDLEWARE_AUTH | 0ms | 0 | OK
2026-08-07 10:15:35,953 REQ-0C8681 | /rowlock/status/ | DB | 11ms | 3 | OK
2026-08-07 10:15:35,953 REQ-0C8681 | /rowlock/status/ | VIEW | 2920ms | 3 | SLOW
2026-08-07 10:15:35,953 REQ-0C8681 | /rowlock/status/ | MW_MODULE_ACCESS | 1787ms | 0 | SLOW
2026-08-07 10:15:35,953 REQ-0C8681 | /rowlock/status/ | TEMPLATE | 0ms | 0 | OK
2026-08-07 10:15:35,953 REQ-0C8681 | /rowlock/status/ | TOTAL | 2932ms | 3 | SLOW
2026-08-07 10:15:35,953 REQ-EA9469 | /adminportal/api/shortcuts/ | MIDDLEWARE_AUTH | 0ms | 0 | OK
2026-08-07 10:15:35,953 REQ-EA9469 | /adminportal/api/shortcuts/ | DB | 1063ms | 2 | SLOW
2026-08-07 10:15:35,953 REQ-EA9469 | /adminportal/api/shortcuts/ | VIEW | 3ms | 2 | OK
2026-08-07 10:15:35,953 REQ-EA9469 | /adminportal/api/shortcuts/ | MW_MODULE_ACCESS | 2ms | 0 | OK
2026-08-07 10:15:35,953 REQ-EA9469 | /adminportal/api/shortcuts/ | TEMPLATE | 0ms | 0 | OK
2026-08-07 10:15:35,953 REQ-EA9469 | /adminportal/api/shortcuts/ | TOTAL | 1067ms | 2 | SLOW
2026-08-07 10:15:44,269 REQ-5A213F | /rowlock/acquire/ | MIDDLEWARE_AUTH | 0ms | 0 | OK
2026-08-07 10:15:44,269 REQ-5A213F | /rowlock/acquire/ | DB | 13ms | 4 | OK
2026-08-07 10:15:44,269 REQ-5A213F | /rowlock/acquire/ | VIEW | 11125ms | 4 | CRITICAL
2026-08-07 10:15:44,269 REQ-5A213F | /rowlock/acquire/ | MW_MODULE_ACCESS | 11133ms | 0 | CRITICAL
2026-08-07 10:15:44,269 REQ-5A213F | /rowlock/acquire/ | TEMPLATE | 0ms | 0 | OK
2026-08-07 10:15:44,269 REQ-5A213F | /rowlock/acquire/ | TOTAL | 11138ms | 4 | CRITICAL
2026-08-07 10:15:44,300 REQ-44D090 | /jig_unloading/Jig_Unloading_MainTable/ | MIDDLEWARE_AUTH | 532ms | 0 | OK
2026-08-07 10:15:44,300 REQ-44D090 | /jig_unloading/Jig_Unloading_MainTable/ | DB | 622ms | 27 | OK
2026-08-07 10:15:44,300 REQ-44D090 | /jig_unloading/Jig_Unloading_MainTable/ | VIEW | 9233ms | 27 | CRITICAL
2026-08-07 10:15:44,300 REQ-44D090 | /jig_unloading/Jig_Unloading_MainTable/ | MW_MODULE_ACCESS | 10483ms | 0 | CRITICAL
2026-08-07 10:15:44,300 REQ-44D090 | /jig_unloading/Jig_Unloading_MainTable/ | TEMPLATE | 99ms | 0 | OK
2026-08-07 10:15:44,300 REQ-44D090 | /jig_unloading/Jig_Unloading_MainTable/ | TOTAL | 10486ms | 27 | CRITICAL
2026-08-07 10:15:45,679 REQ-C4390A | /rowlock/acquire/ | MIDDLEWARE_AUTH | 0ms | 0 | OK
2026-08-07 10:15:45,679 REQ-C4390A | /rowlock/acquire/ | DB | 16ms | 4 | OK
2026-08-07 10:15:45,679 REQ-C4390A | /rowlock/acquire/ | VIEW | 12250ms | 4 | CRITICAL
2026-08-07 10:15:45,679 REQ-C4390A | /rowlock/acquire/ | MW_MODULE_ACCESS | 12260ms | 0 | CRITICAL
2026-08-07 10:15:45,679 REQ-C4390A | /rowlock/acquire/ | TEMPLATE | 0ms | 0 | OK
2026-08-07 10:15:45,679 REQ-C4390A | /rowlock/acquire/ | TOTAL | 12266ms | 4 | CRITICAL
2026-08-07 10:15:46,010 REQ-DE15BB | /rowlock/acquire/ | MIDDLEWARE_AUTH | 0ms | 0 | OK
2026-08-07 10:15:46,010 REQ-DE15BB | /rowlock/acquire/ | DB | 21ms | 4 | OK
2026-08-07 10:15:46,010 REQ-DE15BB | /rowlock/acquire/ | VIEW | 12540ms | 4 | CRITICAL
2026-08-07 10:15:46,010 REQ-DE15BB | /rowlock/acquire/ | MW_MODULE_ACCESS | 12557ms | 0 | CRITICAL
2026-08-07 10:15:46,010 REQ-DE15BB | /rowlock/acquire/ | TEMPLATE | 0ms | 0 | OK
2026-08-07 10:15:46,010 REQ-DE15BB | /rowlock/acquire/ | TOTAL | 12562ms | 4 | CRITICAL
2026-08-07 10:15:46,432 REQ-9B25E9 | /rowlock/acquire/ | MIDDLEWARE_AUTH | 1ms | 0 | OK
2026-08-07 10:15:46,432 REQ-9B25E9 | /rowlock/acquire/ | DB | 12ms | 4 | OK
2026-08-07 10:15:46,432 REQ-9B25E9 | /rowlock/acquire/ | VIEW | 12791ms | 4 | CRITICAL
2026-08-07 10:15:46,432 REQ-9B25E9 | /rowlock/acquire/ | MW_MODULE_ACCESS | 12800ms | 0 | CRITICAL
2026-08-07 10:15:46,432 REQ-9B25E9 | /rowlock/acquire/ | TEMPLATE | 0ms | 0 | OK
2026-08-07 10:15:46,432 REQ-9B25E9 | /rowlock/acquire/ | TOTAL | 12804ms | 4 | CRITICAL
2026-08-07 10:15:46,727 REQ-5C2295 | /rowlock/acquire/ | MIDDLEWARE_AUTH | 0ms | 0 | OK
2026-08-07 10:15:46,727 REQ-5C2295 | /rowlock/acquire/ | DB | 15ms | 4 | OK
2026-08-07 10:15:46,727 REQ-5C2295 | /rowlock/acquire/ | VIEW | 12741ms | 4 | CRITICAL
2026-08-07 10:15:46,727 REQ-5C2295 | /rowlock/acquire/ | MW_MODULE_ACCESS | 12751ms | 0 | CRITICAL
2026-08-07 10:15:46,727 REQ-5C2295 | /rowlock/acquire/ | TEMPLATE | 0ms | 0 | OK
2026-08-07 10:15:46,727 REQ-5C2295 | /rowlock/acquire/ | TOTAL | 12756ms | 4 | CRITICAL
2026-08-07 10:15:47,118 REQ-FB7E08 | /adminportal/api/model-hover-preview/ | MIDDLEWARE_AUTH | 1ms | 0 | OK
2026-08-07 10:15:47,118 REQ-FB7E08 | /adminportal/api/model-hover-preview/ | DB | 26ms | 6 | OK
2026-08-07 10:15:47,118 REQ-FB7E08 | /adminportal/api/model-hover-preview/ | VIEW | 3037ms | 6 | SLOW
2026-08-07 10:15:47,118 REQ-FB7E08 | /adminportal/api/model-hover-preview/ | MW_MODULE_ACCESS | 2992ms | 0 | SLOW
2026-08-07 10:15:47,118 REQ-FB7E08 | /adminportal/api/model-hover-preview/ | TEMPLATE | 0ms | 0 | OK
2026-08-07 10:15:47,118 REQ-FB7E08 | /adminportal/api/model-hover-preview/ | TOTAL | 3064ms | 6 | SLOW
2026-08-07 10:15:47,955 REQ-9BB500 | /rowlock/acquire/ | MIDDLEWARE_AUTH | 0ms | 0 | OK
2026-08-07 10:15:47,955 REQ-9BB500 | /rowlock/acquire/ | DB | 15ms | 4 | OK
2026-08-07 10:15:47,955 REQ-9BB500 | /rowlock/acquire/ | VIEW | 3597ms | 4 | SLOW
2026-08-07 10:15:47,955 REQ-9BB500 | /rowlock/acquire/ | MW_MODULE_ACCESS | 3607ms | 0 | SLOW
2026-08-07 10:15:47,955 REQ-9BB500 | /rowlock/acquire/ | TEMPLATE | 0ms | 0 | OK
2026-08-07 10:15:47,956 REQ-9BB500 | /rowlock/acquire/ | TOTAL | 3613ms | 4 | SLOW
2026-08-07 10:15:48,114 REQ-329616 | /adminportal/api/model-hover-preview/ | MIDDLEWARE_AUTH | 1ms | 0 | OK
2026-08-07 10:15:48,114 REQ-329616 | /adminportal/api/model-hover-preview/ | DB | 28ms | 6 | OK
2026-08-07 10:15:48,114 REQ-329616 | /adminportal/api/model-hover-preview/ | VIEW | 3432ms | 6 | SLOW
2026-08-07 10:15:48,114 REQ-329616 | /adminportal/api/model-hover-preview/ | MW_MODULE_ACCESS | 3426ms | 0 | SLOW
2026-08-07 10:15:48,114 REQ-329616 | /adminportal/api/model-hover-preview/ | TEMPLATE | 0ms | 0 | OK
2026-08-07 10:15:48,114 REQ-329616 | /adminportal/api/model-hover-preview/ | TOTAL | 3461ms | 6 | SLOW
2026-08-07 10:15:48,161 REQ-E797D7 | /adminportal/api/model-hover-preview/ | MIDDLEWARE_AUTH | 1ms | 0 | OK
2026-08-07 10:15:48,161 REQ-E797D7 | /adminportal/api/model-hover-preview/ | DB | 25ms | 6 | OK
2026-08-07 10:15:48,161 REQ-E797D7 | /adminportal/api/model-hover-preview/ | VIEW | 3178ms | 6 | SLOW
2026-08-07 10:15:48,161 REQ-E797D7 | /adminportal/api/model-hover-preview/ | MW_MODULE_ACCESS | 3166ms | 0 | SLOW
2026-08-07 10:15:48,161 REQ-E797D7 | /adminportal/api/model-hover-preview/ | TEMPLATE | 0ms | 0 | OK
2026-08-07 10:15:48,161 REQ-E797D7 | /adminportal/api/model-hover-preview/ | TOTAL | 3204ms | 6 | SLOW
2026-08-07 10:26:19,861 REQ-E084CD | /admin/ | MIDDLEWARE_AUTH | 6ms | 0 | OK
2026-08-07 10:26:19,861 REQ-E084CD | /admin/ | DB | 146ms | 21 | OK
2026-08-07 10:26:19,861 REQ-E084CD | /admin/ | VIEW | 629ms | 21 | OK
2026-08-07 10:26:19,861 REQ-E084CD | /admin/ | MW_MODULE_ACCESS | 1060ms | 0 | SLOW
2026-08-07 10:26:19,861 REQ-E084CD | /admin/ | TEMPLATE | 286ms | 0 | OK
2026-08-07 10:26:19,861 REQ-E084CD | /admin/ | TOTAL | 1067ms | 21 | SLOW
2026-08-07 10:26:40,405 REQ-248F36 | /admin/auth/user/ | MIDDLEWARE_AUTH | 1ms | 0 | OK
2026-08-07 10:26:40,405 REQ-248F36 | /admin/auth/user/ | DB | 3555ms | 134 | SLOW
2026-08-07 10:26:40,405 REQ-248F36 | /admin/auth/user/ | VIEW | 1286ms | 134 | SLOW
2026-08-07 10:26:40,405 REQ-248F36 | /admin/auth/user/ | MW_MODULE_ACCESS | 4940ms | 0 | SLOW
2026-08-07 10:26:40,405 REQ-248F36 | /admin/auth/user/ | TEMPLATE | 122ms | 0 | OK
2026-08-07 10:26:40,405 REQ-248F36 | /admin/auth/user/ | TOTAL | 4964ms | 134 | SLOW
2026-08-07 10:26:41,038 REQ-A01F68 | /admin/auth/user/ | MIDDLEWARE_AUTH | 0ms | 0 | OK
2026-08-07 10:26:41,038 REQ-A01F68 | /admin/auth/user/ | DB | 745ms | 134 | OK
2026-08-07 10:26:41,038 REQ-A01F68 | /admin/auth/user/ | VIEW | 1081ms | 134 | SLOW
2026-08-07 10:26:41,038 REQ-A01F68 | /admin/auth/user/ | MW_MODULE_ACCESS | 1893ms | 0 | SLOW
2026-08-07 10:26:41,038 REQ-A01F68 | /admin/auth/user/ | TEMPLATE | 68ms | 0 | OK
2026-08-07 10:26:41,038 REQ-A01F68 | /admin/auth/user/ | TOTAL | 1895ms | 134 | SLOW
2026-08-07 10:26:51,871 REQ-E3AA1C | /admin/auth/user/ | MIDDLEWARE_AUTH | 1ms | 0 | OK
2026-08-07 10:26:51,871 REQ-E3AA1C | /admin/auth/user/ | DB | 1390ms | 343 | SLOW
2026-08-07 10:26:51,871 REQ-E3AA1C | /admin/auth/user/ | VIEW | 1580ms | 343 | SLOW
2026-08-07 10:26:51,871 REQ-E3AA1C | /admin/auth/user/ | MW_MODULE_ACCESS | 2970ms | 0 | SLOW
2026-08-07 10:26:51,871 REQ-E3AA1C | /admin/auth/user/ | TEMPLATE | 0ms | 0 | OK
2026-08-07 10:26:51,871 REQ-E3AA1C | /admin/auth/user/ | TOTAL | 2970ms | 343 | SLOW
2026-08-07 10:27:10,851 REQ-B8D539 | /admin/auth/user/ | MIDDLEWARE_AUTH | 0ms | 0 | OK
2026-08-07 10:27:10,851 REQ-B8D539 | /admin/auth/user/ | DB | 385ms | 134 | OK
2026-08-07 10:27:10,851 REQ-B8D539 | /admin/auth/user/ | VIEW | 1056ms | 134 | SLOW
2026-08-07 10:27:10,851 REQ-B8D539 | /admin/auth/user/ | MW_MODULE_ACCESS | 1508ms | 0 | SLOW
2026-08-07 10:27:10,851 REQ-B8D539 | /admin/auth/user/ | TEMPLATE | 69ms | 0 | OK
2026-08-07 10:27:10,851 REQ-B8D539 | /admin/auth/user/ | TOTAL | 1510ms | 134 | SLOW
2026-08-07 11:18:20,264 REQ-89F01F | /adminportal/dropdown-data/ | MIDDLEWARE_AUTH | 0ms | 0 | OK
2026-08-07 11:18:20,264 REQ-89F01F | /adminportal/dropdown-data/ | DB | 34ms | 12 | OK
2026-08-07 11:18:20,264 REQ-89F01F | /adminportal/dropdown-data/ | VIEW | 1132ms | 12 | SLOW
2026-08-07 11:18:20,264 REQ-89F01F | /adminportal/dropdown-data/ | MW_MODULE_ACCESS | 1132ms | 0 | SLOW
2026-08-07 11:18:20,264 REQ-89F01F | /adminportal/dropdown-data/ | TEMPLATE | 7ms | 0 | OK
2026-08-07 11:18:20,264 REQ-89F01F | /adminportal/dropdown-data/ | TOTAL | 1174ms | 12 | SLOW
2026-08-07 11:18:20,465 REQ-1E521E | /adminportal/api/shortcuts/ | MIDDLEWARE_AUTH | 1ms | 0 | OK
2026-08-07 11:18:20,465 REQ-1E521E | /adminportal/api/shortcuts/ | DB | 10ms | 3 | OK
2026-08-07 11:18:20,465 REQ-1E521E | /adminportal/api/shortcuts/ | VIEW | 1311ms | 3 | SLOW
2026-08-07 11:18:20,465 REQ-1E521E | /adminportal/api/shortcuts/ | MW_MODULE_ACCESS | 1298ms | 0 | SLOW
2026-08-07 11:18:20,465 REQ-1E521E | /adminportal/api/shortcuts/ | TEMPLATE | 0ms | 0 | OK
2026-08-07 11:18:20,465 REQ-1E521E | /adminportal/api/shortcuts/ | TOTAL | 1321ms | 3 | SLOW
2026-08-07 11:18:20,656 REQ-134277 | /adminportal/model-master/ | MIDDLEWARE_AUTH | 0ms | 0 | OK
2026-08-07 11:18:20,656 REQ-134277 | /adminportal/model-master/ | DB | 33ms | 50 | OK
2026-08-07 11:18:20,656 REQ-134277 | /adminportal/model-master/ | VIEW | 1443ms | 50 | SLOW
2026-08-07 11:18:20,656 REQ-134277 | /adminportal/model-master/ | MW_MODULE_ACCESS | 1459ms | 0 | SLOW
2026-08-07 11:18:20,656 REQ-134277 | /adminportal/model-master/ | TEMPLATE | 0ms | 0 | OK
2026-08-07 11:18:20,656 REQ-134277 | /adminportal/model-master/ | TOTAL | 1477ms | 50 | SLOW
2026-08-07 11:19:57,536 REQ-5D5556 | /adminportal/model-image/ | MIDDLEWARE_AUTH | 0ms | 0 | OK
2026-08-07 11:19:57,537 REQ-5D5556 | /adminportal/model-image/ | DB | 227ms | 453 | OK
2026-08-07 11:19:57,537 REQ-5D5556 | /adminportal/model-image/ | VIEW | 2903ms | 453 | SLOW
2026-08-07 11:19:57,537 REQ-5D5556 | /adminportal/model-image/ | MW_MODULE_ACCESS | 3128ms | 0 | SLOW
2026-08-07 11:19:57,537 REQ-5D5556 | /adminportal/model-image/ | TEMPLATE | 0ms | 0 | OK
2026-08-07 11:19:57,537 REQ-5D5556 | /adminportal/model-image/ | TOTAL | 3131ms | 453 | SLOW
2026-08-07 16:21:33,815 REQ-CDE21F | /rowlock/heartbeat/ | MIDDLEWARE_AUTH | 0ms | 0 | OK
2026-08-07 16:21:33,815 REQ-CDE21F | /rowlock/heartbeat/ | DB | 2ms | 4 | OK
2026-08-07 16:21:33,815 REQ-CDE21F | /rowlock/heartbeat/ | VIEW | 1379ms | 4 | SLOW
2026-08-07 16:21:33,815 REQ-CDE21F | /rowlock/heartbeat/ | MW_MODULE_ACCESS | 1379ms | 0 | SLOW
2026-08-07 16:21:33,815 REQ-CDE21F | /rowlock/heartbeat/ | TEMPLATE | 0ms | 0 | OK
2026-08-07 16:21:33,815 REQ-CDE21F | /rowlock/heartbeat/ | TOTAL | 1381ms | 4 | SLOW
2026-08-07 16:21:57,828 REQ-CA411A | /iqf/iqf_submit_audit/ | MIDDLEWARE_AUTH | 2ms | 0 | OK
2026-08-07 16:21:57,828 REQ-CA411A | /iqf/iqf_submit_audit/ | DB | 5ms | 11 | OK
2026-08-07 16:21:57,828 REQ-CA411A | /iqf/iqf_submit_audit/ | VIEW | 2724ms | 11 | SLOW
2026-08-07 16:21:57,828 REQ-CA411A | /iqf/iqf_submit_audit/ | MW_MODULE_ACCESS | 2729ms | 0 | SLOW
2026-08-07 16:21:57,828 REQ-CA411A | /iqf/iqf_submit_audit/ | TEMPLATE | 0ms | 0 | OK
2026-08-07 16:21:57,828 REQ-CA411A | /iqf/iqf_submit_audit/ | TOTAL | 2731ms | 11 | SLOW
2026-08-07 16:23:01,368 REQ-00EE51 | /rowlock/status/ | MIDDLEWARE_AUTH | 0ms | 0 | OK
2026-08-07 16:23:01,368 REQ-00EE51 | /rowlock/status/ | DB | 7ms | 3 | OK
2026-08-07 16:23:01,368 REQ-00EE51 | /rowlock/status/ | VIEW | 1357ms | 3 | SLOW
2026-08-07 16:23:01,368 REQ-00EE51 | /rowlock/status/ | MW_MODULE_ACCESS | 1362ms | 0 | SLOW
2026-08-07 16:23:01,368 REQ-00EE51 | /rowlock/status/ | TEMPLATE | 0ms | 0 | OK
2026-08-07 16:23:01,368 REQ-00EE51 | /rowlock/status/ | TOTAL | 1364ms | 3 | SLOW
2026-08-07 16:23:01,754 REQ-A1A3AE | /iqf/iqf_accepted_tray_slots/ | MIDDLEWARE_AUTH | 6ms | 0 | OK
2026-08-07 16:23:01,754 REQ-A1A3AE | /iqf/iqf_accepted_tray_slots/ | DB | 38ms | 11 | OK
2026-08-07 16:23:01,754 REQ-A1A3AE | /iqf/iqf_accepted_tray_slots/ | VIEW | 1712ms | 11 | SLOW
2026-08-07 16:23:01,754 REQ-A1A3AE | /iqf/iqf_accepted_tray_slots/ | MW_MODULE_ACCESS | 1753ms | 0 | SLOW
2026-08-07 16:23:01,754 REQ-A1A3AE | /iqf/iqf_accepted_tray_slots/ | TEMPLATE | 0ms | 0 | OK
2026-08-07 16:23:01,754 REQ-A1A3AE | /iqf/iqf_accepted_tray_slots/ | TOTAL | 1756ms | 11 | SLOW
2026-08-07 16:23:01,795 REQ-E71752 | /iqf/iqf_submit_audit/ | MIDDLEWARE_AUTH | 958ms | 0 | OK
2026-08-07 16:23:01,795 REQ-E71752 | /iqf/iqf_submit_audit/ | DB | 61ms | 11 | OK
2026-08-07 16:23:01,795 REQ-E71752 | /iqf/iqf_submit_audit/ | VIEW | 5907ms | 11 | CRITICAL
2026-08-07 16:23:01,795 REQ-E71752 | /iqf/iqf_submit_audit/ | MW_MODULE_ACCESS | 6920ms | 0 | CRITICAL
2026-08-07 16:23:01,795 REQ-E71752 | /iqf/iqf_submit_audit/ | TEMPLATE | 0ms | 0 | OK
2026-08-07 16:23:01,795 REQ-E71752 | /iqf/iqf_submit_audit/ | TOTAL | 6926ms | 11 | CRITICAL
2026-08-07 16:23:59,264 REQ-A829C6 | /iqf/iqf_validate_tray_scan/ | MIDDLEWARE_AUTH | 2ms | 0 | OK
2026-08-07 16:23:59,265 REQ-A829C6 | /iqf/iqf_validate_tray_scan/ | DB | 16ms | 6 | OK
2026-08-07 16:23:59,265 REQ-A829C6 | /iqf/iqf_validate_tray_scan/ | VIEW | 1485ms | 6 | SLOW
2026-08-07 16:23:59,265 REQ-A829C6 | /iqf/iqf_validate_tray_scan/ | MW_MODULE_ACCESS | 1500ms | 0 | SLOW
2026-08-07 16:23:59,265 REQ-A829C6 | /iqf/iqf_validate_tray_scan/ | TEMPLATE | 0ms | 0 | OK
2026-08-07 16:23:59,265 REQ-A829C6 | /iqf/iqf_validate_tray_scan/ | TOTAL | 1503ms | 6 | SLOW
2026-08-07 16:23:59,267 REQ-4FE679 | /accounts/login/ | MIDDLEWARE_AUTH | 0ms | 0 | OK
2026-08-07 16:23:59,267 REQ-4FE679 | /accounts/login/ | DB | 15ms | 16 | OK
2026-08-07 16:23:59,267 REQ-4FE679 | /accounts/login/ | VIEW | 1491ms | 16 | SLOW
2026-08-07 16:23:59,267 REQ-4FE679 | /accounts/login/ | MW_MODULE_ACCESS | 1504ms | 0 | SLOW
2026-08-07 16:23:59,267 REQ-4FE679 | /accounts/login/ | TEMPLATE | 0ms | 0 | OK
2026-08-07 16:23:59,267 REQ-4FE679 | /accounts/login/ | TOTAL | 1506ms | 16 | SLOW
2026-08-07 16:24:20,934 REQ-EF1892 | /home/ | MIDDLEWARE_AUTH | 0ms | 0 | OK
2026-08-07 16:24:20,934 REQ-EF1892 | /home/ | DB | 18ms | 19 | OK
2026-08-07 16:24:20,934 REQ-EF1892 | /home/ | VIEW | 15576ms | 19 | CRITICAL
2026-08-07 16:24:20,934 REQ-EF1892 | /home/ | MW_MODULE_ACCESS | 15573ms | 0 | CRITICAL
2026-08-07 16:24:20,934 REQ-EF1892 | /home/ | TEMPLATE | 8ms | 0 | OK
2026-08-07 16:24:20,934 REQ-EF1892 | /home/ | TOTAL | 15603ms | 19 | CRITICAL
2026-08-07 16:24:21,160 REQ-247273 | /rowlock/status/ | MIDDLEWARE_AUTH | 0ms | 0 | OK
2026-08-07 16:24:21,160 REQ-247273 | /rowlock/status/ | DB | 38ms | 3 | OK
2026-08-07 16:24:21,160 REQ-247273 | /rowlock/status/ | VIEW | 18952ms | 3 | CRITICAL
2026-08-07 16:24:21,160 REQ-247273 | /rowlock/status/ | MW_MODULE_ACCESS | 18826ms | 0 | CRITICAL
2026-08-07 16:24:21,160 REQ-247273 | /rowlock/status/ | TEMPLATE | 0ms | 0 | OK
2026-08-07 16:24:21,160 REQ-247273 | /rowlock/status/ | TOTAL | 18991ms | 3 | CRITICAL
2026-08-07 16:24:57,423 REQ-9F6E82 | /rowlock/status/ | MIDDLEWARE_AUTH | 0ms | 0 | OK
2026-08-07 16:24:57,423 REQ-9F6E82 | /rowlock/status/ | DB | 11ms | 3 | OK
2026-08-07 16:24:57,423 REQ-9F6E82 | /rowlock/status/ | VIEW | 1283ms | 3 | SLOW
2026-08-07 16:24:57,423 REQ-9F6E82 | /rowlock/status/ | MW_MODULE_ACCESS | 1206ms | 0 | SLOW
2026-08-07 16:24:57,423 REQ-9F6E82 | /rowlock/status/ | TEMPLATE | 0ms | 0 | OK
2026-08-07 16:24:57,423 REQ-9F6E82 | /rowlock/status/ | TOTAL | 1294ms | 3 | SLOW
2026-08-07 16:24:57,923 REQ-385E23 | /adminportal/polish-finish/ | MIDDLEWARE_AUTH | 0ms | 0 | OK
2026-08-07 16:24:57,923 REQ-385E23 | /adminportal/polish-finish/ | DB | 11ms | 4 | OK
2026-08-07 16:24:57,923 REQ-385E23 | /adminportal/polish-finish/ | VIEW | 1395ms | 4 | SLOW
2026-08-07 16:24:57,923 REQ-385E23 | /adminportal/polish-finish/ | MW_MODULE_ACCESS | 1320ms | 0 | SLOW
2026-08-07 16:24:57,923 REQ-385E23 | /adminportal/polish-finish/ | TEMPLATE | 0ms | 0 | OK
2026-08-07 16:24:57,923 REQ-385E23 | /adminportal/polish-finish/ | TOTAL | 1407ms | 4 | SLOW
2026-08-07 16:24:58,773 REQ-F3B60B | /adminportal/location/ | MIDDLEWARE_AUTH | 0ms | 0 | OK
2026-08-07 16:24:58,773 REQ-F3B60B | /adminportal/location/ | DB | 34ms | 4 | OK
2026-08-07 16:24:58,773 REQ-F3B60B | /adminportal/location/ | VIEW | 1676ms | 4 | SLOW
2026-08-07 16:24:58,773 REQ-F3B60B | /adminportal/location/ | MW_MODULE_ACCESS | 1580ms | 0 | SLOW
2026-08-07 16:24:58,773 REQ-F3B60B | /adminportal/location/ | TEMPLATE | 0ms | 0 | OK
2026-08-07 16:24:58,773 REQ-F3B60B | /adminportal/location/ | TOTAL | 1711ms | 4 | SLOW
2026-08-07 16:24:59,026 REQ-94285A | /adminportal/ip-rejection/ | MIDDLEWARE_AUTH | 0ms | 0 | OK
2026-08-07 16:24:59,026 REQ-94285A | /adminportal/ip-rejection/ | DB | 9ms | 4 | OK
2026-08-07 16:24:59,026 REQ-94285A | /adminportal/ip-rejection/ | VIEW | 1856ms | 4 | SLOW
2026-08-07 16:24:59,026 REQ-94285A | /adminportal/ip-rejection/ | MW_MODULE_ACCESS | 1803ms | 0 | SLOW
2026-08-07 16:24:59,026 REQ-94285A | /adminportal/ip-rejection/ | TEMPLATE | 0ms | 0 | OK
2026-08-07 16:24:59,026 REQ-94285A | /adminportal/ip-rejection/ | TOTAL | 1866ms | 4 | SLOW
2026-08-07 16:24:59,350 REQ-0E9608 | /adminportal/brass-iqf-rejection/ | MIDDLEWARE_AUTH | 0ms | 0 | OK
2026-08-07 16:24:59,350 REQ-0E9608 | /adminportal/brass-iqf-rejection/ | DB | 9ms | 4 | OK
2026-08-07 16:24:59,350 REQ-0E9608 | /adminportal/brass-iqf-rejection/ | VIEW | 1923ms | 4 | SLOW
2026-08-07 16:24:59,350 REQ-0E9608 | /adminportal/brass-iqf-rejection/ | MW_MODULE_ACCESS | 1877ms | 0 | SLOW
2026-08-07 16:24:59,350 REQ-0E9608 | /adminportal/brass-iqf-rejection/ | TEMPLATE | 0ms | 0 | OK
2026-08-07 16:24:59,350 REQ-0E9608 | /adminportal/brass-iqf-rejection/ | TOTAL | 1933ms | 4 | SLOW
2026-08-07 16:25:00,346 REQ-E0F4BB | /adminportal/api/tray/manage/ | MIDDLEWARE_AUTH | 0ms | 0 | OK
2026-08-07 16:25:00,346 REQ-E0F4BB | /adminportal/api/tray/manage/ | DB | 139ms | 4 | OK
2026-08-07 16:25:00,346 REQ-E0F4BB | /adminportal/api/tray/manage/ | VIEW | 2689ms | 4 | SLOW
2026-08-07 16:25:00,346 REQ-E0F4BB | /adminportal/api/tray/manage/ | MW_MODULE_ACCESS | 2654ms | 0 | SLOW
2026-08-07 16:25:00,346 REQ-E0F4BB | /adminportal/api/tray/manage/ | TEMPLATE | 10ms | 0 | OK
2026-08-07 16:25:00,346 REQ-E0F4BB | /adminportal/api/tray/manage/ | TOTAL | 2839ms | 4 | SLOW
2026-08-07 16:28:55,137 REQ-369B84 | /iqf/iqf_submit_audit/ | MIDDLEWARE_AUTH | 3ms | 0 | OK
2026-08-07 16:28:55,137 REQ-369B84 | /iqf/iqf_submit_audit/ | DB | 6ms | 11 | OK
2026-08-07 16:28:55,137 REQ-369B84 | /iqf/iqf_submit_audit/ | VIEW | 1647ms | 11 | SLOW
2026-08-07 16:28:55,137 REQ-369B84 | /iqf/iqf_submit_audit/ | MW_MODULE_ACCESS | 1654ms | 0 | SLOW
2026-08-07 16:28:55,137 REQ-369B84 | /iqf/iqf_submit_audit/ | TEMPLATE | 0ms | 0 | OK
2026-08-07 16:28:55,137 REQ-369B84 | /iqf/iqf_submit_audit/ | TOTAL | 1656ms | 11 | SLOW
2026-08-07 16:29:10,741 REQ-5E6ADC | /iqf/iqf_accepted_tray_slots/ | MIDDLEWARE_AUTH | 20315ms | 0 | CRITICAL
2026-08-07 16:29:10,741 REQ-5E6ADC | /iqf/iqf_accepted_tray_slots/ | DB | 91ms | 11 | OK
2026-08-07 16:29:10,741 REQ-5E6ADC | /iqf/iqf_accepted_tray_slots/ | VIEW | 383ms | 11 | OK
2026-08-07 16:29:10,741 REQ-5E6ADC | /iqf/iqf_accepted_tray_slots/ | MW_MODULE_ACCESS | 20784ms | 0 | CRITICAL
2026-08-07 16:29:10,741 REQ-5E6ADC | /iqf/iqf_accepted_tray_slots/ | TEMPLATE | 0ms | 0 | OK
2026-08-07 16:29:10,741 REQ-5E6ADC | /iqf/iqf_accepted_tray_slots/ | TOTAL | 20789ms | 11 | CRITICAL
2026-08-07 16:29:18,198 REQ-954420 | /rowlock/heartbeat/ | MIDDLEWARE_AUTH | 0ms | 0 | OK
2026-08-07 16:29:18,198 REQ-954420 | /rowlock/heartbeat/ | DB | 14ms | 4 | OK
2026-08-07 16:29:18,198 REQ-954420 | /rowlock/heartbeat/ | VIEW | 7813ms | 4 | CRITICAL
2026-08-07 16:29:18,198 REQ-954420 | /rowlock/heartbeat/ | MW_MODULE_ACCESS | 7771ms | 0 | CRITICAL
2026-08-07 16:29:18,198 REQ-954420 | /rowlock/heartbeat/ | TEMPLATE | 0ms | 0 | OK
2026-08-07 16:29:18,198 REQ-954420 | /rowlock/heartbeat/ | TOTAL | 7827ms | 4 | CRITICAL
2026-08-07 16:29:19,342 REQ-E8CA06 | /rowlock/status/ | MIDDLEWARE_AUTH | 0ms | 0 | OK
2026-08-07 16:29:19,342 REQ-E8CA06 | /rowlock/status/ | DB | 11ms | 3 | OK
2026-08-07 16:29:19,342 REQ-E8CA06 | /rowlock/status/ | VIEW | 7451ms | 3 | CRITICAL
2026-08-07 16:29:19,342 REQ-E8CA06 | /rowlock/status/ | MW_MODULE_ACCESS | 7360ms | 0 | CRITICAL
2026-08-07 16:29:19,342 REQ-E8CA06 | /rowlock/status/ | TEMPLATE | 0ms | 0 | OK
2026-08-07 16:29:19,342 REQ-E8CA06 | /rowlock/status/ | TOTAL | 7462ms | 3 | CRITICAL
2026-08-07 16:30:56,781 REQ-82596D | /adminportal/location/ | MIDDLEWARE_AUTH | 0ms | 0 | OK
2026-08-07 16:30:56,781 REQ-82596D | /adminportal/location/ | DB | 12ms | 5 | OK
2026-08-07 16:30:56,781 REQ-82596D | /adminportal/location/ | VIEW | 2000ms | 5 | SLOW
2026-08-07 16:30:56,781 REQ-82596D | /adminportal/location/ | MW_MODULE_ACCESS | 2008ms | 0 | SLOW
2026-08-07 16:30:56,781 REQ-82596D | /adminportal/location/ | TEMPLATE | 0ms | 0 | OK
2026-08-07 16:30:56,781 REQ-82596D | /adminportal/location/ | TOTAL | 2013ms | 5 | SLOW
2026-08-07 16:31:02,069 REQ-809C8B | /iqf/iqf_submit_audit/ | MIDDLEWARE_AUTH | 1295ms | 0 | SLOW
2026-08-07 16:31:02,069 REQ-809C8B | /iqf/iqf_submit_audit/ | DB | 86ms | 11 | OK
2026-08-07 16:31:02,069 REQ-809C8B | /iqf/iqf_submit_audit/ | VIEW | 4870ms | 11 | SLOW
2026-08-07 16:31:02,069 REQ-809C8B | /iqf/iqf_submit_audit/ | MW_MODULE_ACCESS | 6198ms | 0 | CRITICAL
2026-08-07 16:31:02,069 REQ-809C8B | /iqf/iqf_submit_audit/ | TEMPLATE | 0ms | 0 | OK
2026-08-07 16:31:02,069 REQ-809C8B | /iqf/iqf_submit_audit/ | TOTAL | 6251ms | 11 | CRITICAL
2026-08-07 16:31:10,872 REQ-AD52A3 | /iqf/iqf_accepted_tray_slots/ | MIDDLEWARE_AUTH | 3ms | 0 | OK
2026-08-07 16:31:10,872 REQ-AD52A3 | /iqf/iqf_accepted_tray_slots/ | DB | 34ms | 11 | OK
2026-08-07 16:31:10,872 REQ-AD52A3 | /iqf/iqf_accepted_tray_slots/ | VIEW | 1505ms | 11 | SLOW
2026-08-07 16:31:10,872 REQ-AD52A3 | /iqf/iqf_accepted_tray_slots/ | MW_MODULE_ACCESS | 1540ms | 0 | SLOW
2026-08-07 16:31:10,872 REQ-AD52A3 | /iqf/iqf_accepted_tray_slots/ | TEMPLATE | 0ms | 0 | OK
2026-08-07 16:31:10,872 REQ-AD52A3 | /iqf/iqf_accepted_tray_slots/ | TOTAL | 1543ms | 11 | SLOW
2026-08-07 16:31:10,878 REQ-E394CC | /adminportal/location/ | MIDDLEWARE_AUTH | 0ms | 0 | OK
2026-08-07 16:31:10,878 REQ-E394CC | /adminportal/location/ | DB | 9ms | 5 | OK
2026-08-07 16:31:10,878 REQ-E394CC | /adminportal/location/ | VIEW | 1433ms | 5 | SLOW
2026-08-07 16:31:10,878 REQ-E394CC | /adminportal/location/ | MW_MODULE_ACCESS | 1440ms | 0 | SLOW
2026-08-07 16:31:10,878 REQ-E394CC | /adminportal/location/ | TEMPLATE | 0ms | 0 | OK
2026-08-07 16:31:10,878 REQ-E394CC | /adminportal/location/ | TOTAL | 1442ms | 5 | SLOW
2026-08-07 16:31:14,808 REQ-477E1D | /rowlock/heartbeat/ | MIDDLEWARE_AUTH | 0ms | 0 | OK
2026-08-07 16:31:14,808 REQ-477E1D | /rowlock/heartbeat/ | DB | 2ms | 4 | OK
2026-08-07 16:31:14,808 REQ-477E1D | /rowlock/heartbeat/ | VIEW | 1209ms | 4 | SLOW
2026-08-07 16:31:14,808 REQ-477E1D | /rowlock/heartbeat/ | MW_MODULE_ACCESS | 1209ms | 0 | SLOW
2026-08-07 16:31:14,808 REQ-477E1D | /rowlock/heartbeat/ | TEMPLATE | 0ms | 0 | OK
2026-08-07 16:31:14,808 REQ-477E1D | /rowlock/heartbeat/ | TOTAL | 1211ms | 4 | SLOW
2026-08-07 16:32:02,477 REQ-89BEA1 | /rowlock/status/ | MIDDLEWARE_AUTH | 0ms | 0 | OK
2026-08-07 16:32:02,477 REQ-89BEA1 | /rowlock/status/ | DB | 35ms | 3 | OK
2026-08-07 16:32:02,477 REQ-89BEA1 | /rowlock/status/ | VIEW | 2076ms | 3 | SLOW
2026-08-07 16:32:02,477 REQ-89BEA1 | /rowlock/status/ | MW_MODULE_ACCESS | 2082ms | 0 | SLOW
2026-08-07 16:32:02,477 REQ-89BEA1 | /rowlock/status/ | TEMPLATE | 0ms | 0 | OK
2026-08-07 16:32:02,477 REQ-89BEA1 | /rowlock/status/ | TOTAL | 2112ms | 3 | SLOW
2026-08-07 16:32:02,749 REQ-12F4BA | /adminportal/location/ | MIDDLEWARE_AUTH | 0ms | 0 | OK
2026-08-07 16:32:02,749 REQ-12F4BA | /adminportal/location/ | DB | 28ms | 5 | OK
2026-08-07 16:32:02,749 REQ-12F4BA | /adminportal/location/ | VIEW | 2350ms | 5 | SLOW
2026-08-07 16:32:02,749 REQ-12F4BA | /adminportal/location/ | MW_MODULE_ACCESS | 2351ms | 0 | SLOW
2026-08-07 16:32:02,749 REQ-12F4BA | /adminportal/location/ | TEMPLATE | 0ms | 0 | OK
2026-08-07 16:32:02,749 REQ-12F4BA | /adminportal/location/ | TOTAL | 2378ms | 5 | SLOW
2026-08-10 09:41:39,753 REQ-7DA3A5 | /accounts/login/ | MIDDLEWARE_AUTH | 0ms | 0 | OK
2026-08-10 09:41:39,769 REQ-7DA3A5 | /accounts/login/ | DB | 0ms | 0 | OK
2026-08-10 09:41:39,784 REQ-7DA3A5 | /accounts/login/ | VIEW | 1ms | 0 | OK
2026-08-10 09:41:39,784 REQ-7DA3A5 | /accounts/login/ | MW_MODULE_ACCESS | 1326ms | 0 | SLOW
2026-08-10 09:41:39,784 REQ-7DA3A5 | /accounts/login/ | TEMPLATE | 1325ms | 0 | SLOW
2026-08-10 09:41:39,784 REQ-7DA3A5 | /accounts/login/ | TOTAL | 1326ms | 0 | SLOW
2026-08-10 09:41:39,862 REQ-942997 | /accounts/login/ | MIDDLEWARE_AUTH | 447ms | 0 | OK
2026-08-10 09:41:39,862 REQ-942997 | /accounts/login/ | DB | 0ms | 0 | OK
2026-08-10 09:41:39,862 REQ-942997 | /accounts/login/ | VIEW | 1ms | 0 | OK
2026-08-10 09:41:39,862 REQ-942997 | /accounts/login/ | MW_MODULE_ACCESS | 1764ms | 0 | SLOW
2026-08-10 09:41:39,862 REQ-942997 | /accounts/login/ | TEMPLATE | 1762ms | 0 | SLOW
2026-08-10 09:41:39,862 REQ-942997 | /accounts/login/ | TOTAL | 2211ms | 0 | SLOW
2026-08-10 09:42:18,195 REQ-9F62DE | /dayplanning/dp_pick_table/ | MIDDLEWARE_AUTH | 2ms | 0 | OK
2026-08-10 09:42:18,195 REQ-9F62DE | /dayplanning/dp_pick_table/ | DB | 660ms | 16 | OK
2026-08-10 09:42:18,195 REQ-9F62DE | /dayplanning/dp_pick_table/ | VIEW | 50ms | 16 | OK
2026-08-10 09:42:18,195 REQ-9F62DE | /dayplanning/dp_pick_table/ | DP_PERMISSION_CHECK | 128ms | 0 | OK
2026-08-10 09:42:18,195 REQ-9F62DE | /dayplanning/dp_pick_table/ | DP_DATA_FETCH | 231ms | 0 | OK
2026-08-10 09:42:18,195 REQ-9F62DE | /dayplanning/dp_pick_table/ | DP_PROCESSING | 348ms | 0 | OK
2026-08-10 09:42:18,195 REQ-9F62DE | /dayplanning/dp_pick_table/ | MW_MODULE_ACCESS | 1022ms | 0 | SLOW
2026-08-10 09:42:18,195 REQ-9F62DE | /dayplanning/dp_pick_table/ | TEMPLATE | 313ms | 0 | OK
2026-08-10 09:42:18,195 REQ-9F62DE | /dayplanning/dp_pick_table/ | TOTAL | 1026ms | 16 | SLOW
2026-08-10 09:42:33,296 REQ-955FAD | /dayplanning/dp_completed_table/ | MIDDLEWARE_AUTH | 2ms | 0 | OK
2026-08-10 09:42:33,296 REQ-955FAD | /dayplanning/dp_completed_table/ | DB | 13ms | 26 | OK
2026-08-10 09:42:33,296 REQ-955FAD | /dayplanning/dp_completed_table/ | VIEW | 8162ms | 26 | CRITICAL
2026-08-10 09:42:33,296 REQ-955FAD | /dayplanning/dp_completed_table/ | MW_MODULE_ACCESS | 8292ms | 0 | CRITICAL
2026-08-10 09:42:33,296 REQ-955FAD | /dayplanning/dp_completed_table/ | TEMPLATE | 118ms | 0 | OK
2026-08-10 09:42:33,296 REQ-955FAD | /dayplanning/dp_completed_table/ | TOTAL | 8296ms | 26 | CRITICAL
2026-08-11 09:45:38,922 REQ-596271 | /dayplanning/dp_completed_table/ | MIDDLEWARE_AUTH | 95ms | 0 | OK
2026-08-11 09:45:38,922 REQ-596271 | /dayplanning/dp_completed_table/ | DB | 25ms | 7 | OK
2026-08-11 09:45:38,922 REQ-596271 | /dayplanning/dp_completed_table/ | VIEW | 8302ms | 7 | CRITICAL
2026-08-11 09:45:38,922 REQ-596271 | /dayplanning/dp_completed_table/ | MW_MODULE_ACCESS | 8504ms | 0 | CRITICAL
2026-08-11 09:45:38,922 REQ-596271 | /dayplanning/dp_completed_table/ | TEMPLATE | 100ms | 0 | OK
2026-08-11 09:45:38,922 REQ-596271 | /dayplanning/dp_completed_table/ | TOTAL | 8522ms | 7 | CRITICAL
2026-08-11 14:15:30,906 REQ-AAD8A3 | /accounts/login/ | MIDDLEWARE_AUTH | 5ms | 0 | OK
2026-08-11 14:15:30,907 REQ-AAD8A3 | /accounts/login/ | DB | 0ms | 0 | OK
2026-08-11 14:15:30,907 REQ-AAD8A3 | /accounts/login/ | VIEW | 1ms | 0 | OK
2026-08-11 14:15:30,907 REQ-AAD8A3 | /accounts/login/ | MW_MODULE_ACCESS | 1092ms | 0 | SLOW
2026-08-11 14:15:30,907 REQ-AAD8A3 | /accounts/login/ | TEMPLATE | 1090ms | 0 | SLOW
2026-08-11 14:15:30,907 REQ-AAD8A3 | /accounts/login/ | TOTAL | 1097ms | 0 | SLOW
2026-08-11 14:16:26,273 REQ-5063F5 | /adminportal/api/shortcuts/ | MIDDLEWARE_AUTH | 1ms | 0 | OK
2026-08-11 14:16:26,273 REQ-5063F5 | /adminportal/api/shortcuts/ | DB | 38ms | 3 | OK
2026-08-11 14:16:26,273 REQ-5063F5 | /adminportal/api/shortcuts/ | VIEW | 1139ms | 3 | SLOW
2026-08-11 14:16:26,273 REQ-5063F5 | /adminportal/api/shortcuts/ | MW_MODULE_ACCESS | 1111ms | 0 | SLOW
2026-08-11 14:16:26,273 REQ-5063F5 | /adminportal/api/shortcuts/ | TEMPLATE | 0ms | 0 | OK
2026-08-11 14:16:26,273 REQ-5063F5 | /adminportal/api/shortcuts/ | TOTAL | 1177ms | 3 | SLOW
2026-08-11 14:16:26,873 REQ-B5AB44 | /adminportal/api/dashboard-stats/ | MIDDLEWARE_AUTH | 1ms | 0 | OK
2026-08-11 14:16:26,873 REQ-B5AB44 | /adminportal/api/dashboard-stats/ | DB | 38ms | 3 | OK
2026-08-11 14:16:26,873 REQ-B5AB44 | /adminportal/api/dashboard-stats/ | VIEW | 1167ms | 3 | SLOW
2026-08-11 14:16:26,873 REQ-B5AB44 | /adminportal/api/dashboard-stats/ | MW_MODULE_ACCESS | 836ms | 0 | OK
2026-08-11 14:16:26,873 REQ-B5AB44 | /adminportal/api/dashboard-stats/ | TEMPLATE | 1ms | 0 | OK
2026-08-11 14:16:26,873 REQ-B5AB44 | /adminportal/api/dashboard-stats/ | TOTAL | 1207ms | 3 | SLOW
2026-08-11 14:21:07,134 REQ-78C8EC | /nickel_audit_zone_two/NA_Zone_PickTable/ | MIDDLEWARE_AUTH | 2ms | 0 | OK
2026-08-11 14:21:07,134 REQ-78C8EC | /nickel_audit_zone_two/NA_Zone_PickTable/ | DB | 1054ms | 17 | SLOW
2026-08-11 14:21:07,134 REQ-78C8EC | /nickel_audit_zone_two/NA_Zone_PickTable/ | VIEW | 59ms | 17 | OK
2026-08-11 14:21:07,134 REQ-78C8EC | /nickel_audit_zone_two/NA_Zone_PickTable/ | MW_MODULE_ACCESS | 1099ms | 0 | SLOW
2026-08-11 14:21:07,134 REQ-78C8EC | /nickel_audit_zone_two/NA_Zone_PickTable/ | TEMPLATE | 22ms | 0 | OK
2026-08-11 14:21:07,134 REQ-78C8EC | /nickel_audit_zone_two/NA_Zone_PickTable/ | TOTAL | 1137ms | 17 | SLOW
2026-08-11 14:22:17,680 REQ-248541 | /rowlock/status/ | MIDDLEWARE_AUTH | 0ms | 0 | OK
2026-08-11 14:22:17,680 REQ-248541 | /rowlock/status/ | DB | 12ms | 3 | OK
2026-08-11 14:22:17,680 REQ-248541 | /rowlock/status/ | VIEW | 7189ms | 3 | CRITICAL
2026-08-11 14:22:17,680 REQ-248541 | /rowlock/status/ | MW_MODULE_ACCESS | 7196ms | 0 | CRITICAL
2026-08-11 14:22:17,680 REQ-248541 | /rowlock/status/ | TEMPLATE | 0ms | 0 | OK
2026-08-11 14:22:17,680 REQ-248541 | /rowlock/status/ | TOTAL | 7201ms | 3 | CRITICAL
2026-08-11 14:22:18,060 REQ-0B8EDB | /rowlock/status/ | MIDDLEWARE_AUTH | 0ms | 0 | OK
2026-08-11 14:22:18,060 REQ-0B8EDB | /rowlock/status/ | DB | 36ms | 3 | OK
2026-08-11 14:22:18,060 REQ-0B8EDB | /rowlock/status/ | VIEW | 4999ms | 3 | SLOW
2026-08-11 14:22:18,060 REQ-0B8EDB | /rowlock/status/ | MW_MODULE_ACCESS | 4980ms | 0 | SLOW
2026-08-11 14:22:18,060 REQ-0B8EDB | /rowlock/status/ | TEMPLATE | 0ms | 0 | OK
2026-08-11 14:22:18,060 REQ-0B8EDB | /rowlock/status/ | TOTAL | 5036ms | 3 | CRITICAL
2026-08-11 14:22:18,312 REQ-9CFB80 | /rowlock/heartbeat/ | MIDDLEWARE_AUTH | 0ms | 0 | OK
2026-08-11 14:22:18,312 REQ-9CFB80 | /rowlock/heartbeat/ | DB | 13ms | 4 | OK
2026-08-11 14:22:18,312 REQ-9CFB80 | /rowlock/heartbeat/ | VIEW | 1232ms | 4 | SLOW
2026-08-11 14:22:18,312 REQ-9CFB80 | /rowlock/heartbeat/ | MW_MODULE_ACCESS | 1241ms | 0 | SLOW
2026-08-11 14:22:18,312 REQ-9CFB80 | /rowlock/heartbeat/ | TEMPLATE | 0ms | 0 | OK
2026-08-11 14:22:18,312 REQ-9CFB80 | /rowlock/heartbeat/ | TOTAL | 1245ms | 4 | SLOW
2026-08-11 14:23:42,220 REQ-F0EA66 | /rowlock/heartbeat/ | MIDDLEWARE_AUTH | 0ms | 0 | OK
2026-08-11 14:23:42,220 REQ-F0EA66 | /rowlock/heartbeat/ | DB | 14ms | 4 | OK
2026-08-11 14:23:42,220 REQ-F0EA66 | /rowlock/heartbeat/ | VIEW | 3496ms | 4 | SLOW
2026-08-11 14:23:42,220 REQ-F0EA66 | /rowlock/heartbeat/ | MW_MODULE_ACCESS | 3505ms | 0 | SLOW
2026-08-11 14:23:42,220 REQ-F0EA66 | /rowlock/heartbeat/ | TEMPLATE | 0ms | 0 | OK
2026-08-11 14:23:42,220 REQ-F0EA66 | /rowlock/heartbeat/ | TOTAL | 3510ms | 4 | SLOW
2026-08-11 14:23:53,749 REQ-D26A8F | /rowlock/status/ | MIDDLEWARE_AUTH | 0ms | 0 | OK
2026-08-11 14:23:53,749 REQ-D26A8F | /rowlock/status/ | DB | 2ms | 3 | OK
2026-08-11 14:23:53,749 REQ-D26A8F | /rowlock/status/ | VIEW | 1855ms | 3 | SLOW
2026-08-11 14:23:53,749 REQ-D26A8F | /rowlock/status/ | MW_MODULE_ACCESS | 1855ms | 0 | SLOW
2026-08-11 14:23:53,749 REQ-D26A8F | /rowlock/status/ | TEMPLATE | 0ms | 0 | OK
2026-08-11 14:23:53,749 REQ-D26A8F | /rowlock/status/ | TOTAL | 1857ms | 3 | SLOW
2026-08-11 14:24:07,256 REQ-A4B475 | /dayplanning/tray_id_unique_check/ | MIDDLEWARE_AUTH | 23809ms | 0 | CRITICAL
2026-08-11 14:24:07,256 REQ-A4B475 | /dayplanning/tray_id_unique_check/ | DB | 2360ms | 9 | SLOW
2026-08-11 14:24:07,256 REQ-A4B475 | /dayplanning/tray_id_unique_check/ | VIEW | 1823ms | 9 | SLOW
2026-08-11 14:24:07,256 REQ-A4B475 | /dayplanning/tray_id_unique_check/ | MW_MODULE_ACCESS | 26167ms | 0 | CRITICAL
2026-08-11 14:24:07,256 REQ-A4B475 | /dayplanning/tray_id_unique_check/ | TEMPLATE | 0ms | 0 | OK
2026-08-11 14:24:07,256 REQ-A4B475 | /dayplanning/tray_id_unique_check/ | TOTAL | 27992ms | 9 | CRITICAL
2026-08-11 14:24:07,256 REQ-8A3BF0 | /rowlock/status/ | MIDDLEWARE_AUTH | 0ms | 0 | OK
2026-08-11 14:24:07,256 REQ-8A3BF0 | /rowlock/status/ | DB | 1343ms | 3 | SLOW
2026-08-11 14:24:07,256 REQ-8A3BF0 | /rowlock/status/ | VIEW | 452ms | 3 | OK
2026-08-11 14:24:07,256 REQ-8A3BF0 | /rowlock/status/ | MW_MODULE_ACCESS | 450ms | 0 | OK
2026-08-11 14:24:07,256 REQ-8A3BF0 | /rowlock/status/ | TEMPLATE | 0ms | 0 | OK
2026-08-11 14:24:07,256 REQ-8A3BF0 | /rowlock/status/ | TOTAL | 1795ms | 3 | SLOW
2026-08-11 14:24:07,256 REQ-76B6D6 | /rowlock/heartbeat/ | MIDDLEWARE_AUTH | 0ms | 0 | OK
2026-08-11 14:24:07,256 REQ-76B6D6 | /rowlock/heartbeat/ | DB | 3ms | 4 | OK
2026-08-11 14:24:07,272 REQ-76B6D6 | /rowlock/heartbeat/ | VIEW | 1820ms | 4 | SLOW
2026-08-11 14:24:07,272 REQ-76B6D6 | /rowlock/heartbeat/ | MW_MODULE_ACCESS | 1820ms | 0 | SLOW
2026-08-11 14:24:07,272 REQ-76B6D6 | /rowlock/heartbeat/ | TEMPLATE | 0ms | 0 | OK
2026-08-11 14:24:07,272 REQ-76B6D6 | /rowlock/heartbeat/ | TOTAL | 1824ms | 4 | SLOW
2026-08-11 14:24:31,014 REQ-58F558 | /rowlock/heartbeat/ | MIDDLEWARE_AUTH | 0ms | 0 | OK
2026-08-11 14:24:31,014 REQ-58F558 | /rowlock/heartbeat/ | DB | 14ms | 4 | OK
2026-08-11 14:24:31,014 REQ-58F558 | /rowlock/heartbeat/ | VIEW | 13105ms | 4 | CRITICAL
2026-08-11 14:24:31,014 REQ-58F558 | /rowlock/heartbeat/ | MW_MODULE_ACCESS | 13115ms | 0 | CRITICAL
2026-08-11 14:24:31,014 REQ-58F558 | /rowlock/heartbeat/ | TEMPLATE | 0ms | 0 | OK
2026-08-11 14:24:31,014 REQ-58F558 | /rowlock/heartbeat/ | TOTAL | 13119ms | 4 | CRITICAL
2026-08-11 14:24:37,283 REQ-0A77CF | /rowlock/status/ | MIDDLEWARE_AUTH | 0ms | 0 | OK
2026-08-11 14:24:37,283 REQ-0A77CF | /rowlock/status/ | DB | 12ms | 3 | OK
2026-08-11 14:24:37,283 REQ-0A77CF | /rowlock/status/ | VIEW | 6482ms | 3 | CRITICAL
2026-08-11 14:24:37,283 REQ-0A77CF | /rowlock/status/ | MW_MODULE_ACCESS | 6489ms | 0 | CRITICAL
2026-08-11 14:24:37,283 REQ-0A77CF | /rowlock/status/ | TEMPLATE | 0ms | 0 | OK
2026-08-11 14:24:37,283 REQ-0A77CF | /rowlock/status/ | TOTAL | 6494ms | 3 | CRITICAL
2026-08-11 14:44:49,703 REQ-647FE9 | /rowlock/status/ | MIDDLEWARE_AUTH | 0ms | 0 | OK
2026-08-11 14:44:49,703 REQ-647FE9 | /rowlock/status/ | DB | 1ms | 3 | OK
2026-08-11 14:44:49,703 REQ-647FE9 | /rowlock/status/ | VIEW | 1759ms | 3 | SLOW
2026-08-11 14:44:49,703 REQ-647FE9 | /rowlock/status/ | MW_MODULE_ACCESS | 1759ms | 0 | SLOW
2026-08-11 14:44:49,703 REQ-647FE9 | /rowlock/status/ | TEMPLATE | 0ms | 0 | OK
2026-08-11 14:44:49,703 REQ-647FE9 | /rowlock/status/ | TOTAL | 1761ms | 3 | SLOW
2026-08-11 17:33:10,347 REQ-9472BB | /inprocess_inspection/complete/ | MIDDLEWARE_AUTH | 12ms | 0 | OK
2026-08-11 17:33:10,360 REQ-9472BB | /inprocess_inspection/complete/ | DB | 223ms | 106 | OK
2026-08-11 17:33:10,360 REQ-9472BB | /inprocess_inspection/complete/ | VIEW | 2631ms | 106 | SLOW
2026-08-11 17:33:10,360 REQ-9472BB | /inprocess_inspection/complete/ | MW_MODULE_ACCESS | 3278ms | 0 | SLOW
2026-08-11 17:33:10,360 REQ-9472BB | /inprocess_inspection/complete/ | TEMPLATE | 415ms | 0 | OK
2026-08-11 17:33:10,360 REQ-9472BB | /inprocess_inspection/complete/ | TOTAL | 3280ms | 106 | SLOW
2026-08-11 17:36:36,959 REQ-54A067 | /inprocess_inspection/complete/ | MIDDLEWARE_AUTH | 133ms | 0 | OK
2026-08-11 17:36:36,959 REQ-54A067 | /inprocess_inspection/complete/ | DB | 154ms | 92 | OK
2026-08-11 17:36:36,959 REQ-54A067 | /inprocess_inspection/complete/ | VIEW | 415ms | 92 | OK
2026-08-11 17:36:36,959 REQ-54A067 | /inprocess_inspection/complete/ | MW_MODULE_ACCESS | 1059ms | 0 | SLOW
2026-08-11 17:36:36,960 REQ-54A067 | /inprocess_inspection/complete/ | TEMPLATE | 365ms | 0 | OK
2026-08-11 17:36:36,960 REQ-54A067 | /inprocess_inspection/complete/ | TOTAL | 1068ms | 92 | SLOW
2026-08-12 09:27:41,124 REQ-8D3A38 | /auth/microsoft/login/ | MIDDLEWARE_AUTH | 0ms | 0 | OK
2026-08-12 09:27:41,124 REQ-8D3A38 | /auth/microsoft/login/ | DB | 0ms | 0 | OK
2026-08-12 09:27:41,124 REQ-8D3A38 | /auth/microsoft/login/ | VIEW | 53847ms | 0 | CRITICAL
2026-08-12 09:27:41,124 REQ-8D3A38 | /auth/microsoft/login/ | MW_MODULE_ACCESS | 53847ms | 0 | CRITICAL
2026-08-12 09:27:41,124 REQ-8D3A38 | /auth/microsoft/login/ | TEMPLATE | 0ms | 0 | OK
2026-08-12 10:32:16,620 REQ-0D59E6 | /auth/microsoft/login/ | MIDDLEWARE_AUTH | 32ms | 0 | OK
2026-08-12 10:32:16,620 REQ-0D59E6 | /auth/microsoft/login/ | DB | 0ms | 0 | OK
2026-08-12 10:32:16,620 REQ-0D59E6 | /auth/microsoft/login/ | VIEW | 9008ms | 0 | CRITICAL
2026-08-12 10:32:16,620 REQ-0D59E6 | /auth/microsoft/login/ | MW_MODULE_ACCESS | 9011ms | 0 | CRITICAL
2026-08-12 10:32:16,620 REQ-0D59E6 | /auth/microsoft/login/ | TEMPLATE | 0ms | 0 | OK
2026-08-12 10:32:16,620 REQ-0D59E6 | /auth/microsoft/login/ | TOTAL | 9040ms | 0 | CRITICAL
2026-08-12 11:49:37,425 REQ-B0D84C | /dayplanning/dp_completed_table/ | MIDDLEWARE_AUTH | 2ms | 0 | OK
2026-08-12 11:49:37,425 REQ-B0D84C | /dayplanning/dp_completed_table/ | DB | 62ms | 41 | OK
2026-08-12 11:49:37,425 REQ-B0D84C | /dayplanning/dp_completed_table/ | VIEW | 1935ms | 41 | SLOW
2026-08-12 11:49:37,425 REQ-B0D84C | /dayplanning/dp_completed_table/ | MW_MODULE_ACCESS | 2025ms | 0 | SLOW
2026-08-12 11:49:37,425 REQ-B0D84C | /dayplanning/dp_completed_table/ | TEMPLATE | 27ms | 0 | OK
2026-08-12 11:49:37,425 REQ-B0D84C | /dayplanning/dp_completed_table/ | TOTAL | 2027ms | 41 | SLOW
2026-08-12 14:03:50,996 REQ-3AC1A9 | /rowlock/release/ | MIDDLEWARE_AUTH | 0ms | 0 | OK
2026-08-12 14:03:50,996 REQ-3AC1A9 | /rowlock/release/ | DB | 30ms | 3 | OK
2026-08-12 14:03:50,996 REQ-3AC1A9 | /rowlock/release/ | VIEW | 1086ms | 3 | SLOW
2026-08-12 14:03:50,996 REQ-3AC1A9 | /rowlock/release/ | MW_MODULE_ACCESS | 1103ms | 0 | SLOW
2026-08-12 14:03:50,996 REQ-3AC1A9 | /rowlock/release/ | TEMPLATE | 0ms | 0 | OK
2026-08-12 14:03:50,996 REQ-3AC1A9 | /rowlock/release/ | TOTAL | 1116ms | 3 | SLOW
2026-08-12 14:03:51,247 REQ-E1C0BD | /rowlock/status/ | MIDDLEWARE_AUTH | 0ms | 0 | OK
2026-08-12 14:03:51,247 REQ-E1C0BD | /rowlock/status/ | DB | 13ms | 3 | OK
2026-08-12 14:03:51,247 REQ-E1C0BD | /rowlock/status/ | VIEW | 1350ms | 3 | SLOW
2026-08-12 14:03:51,247 REQ-E1C0BD | /rowlock/status/ | MW_MODULE_ACCESS | 1307ms | 0 | SLOW
2026-08-12 14:03:51,247 REQ-E1C0BD | /rowlock/status/ | TEMPLATE | 0ms | 0 | OK
2026-08-12 14:03:51,247 REQ-E1C0BD | /rowlock/status/ | TOTAL | 1364ms | 3 | SLOW
2026-08-12 15:43:52,729 REQ-2B1A33 | /adminportal/api/shortcuts/ | MIDDLEWARE_AUTH | 1ms | 0 | OK
2026-08-12 15:43:52,730 REQ-2B1A33 | /adminportal/api/shortcuts/ | DB | 6ms | 2 | OK
2026-08-12 15:43:52,730 REQ-2B1A33 | /adminportal/api/shortcuts/ | VIEW | 1110ms | 2 | SLOW
2026-08-12 15:43:52,730 REQ-2B1A33 | /adminportal/api/shortcuts/ | MW_MODULE_ACCESS | 1038ms | 0 | SLOW
2026-08-12 15:43:52,730 REQ-2B1A33 | /adminportal/api/shortcuts/ | TEMPLATE | 0ms | 0 | OK
2026-08-12 15:43:52,730 REQ-2B1A33 | /adminportal/api/shortcuts/ | TOTAL | 1118ms | 2 | SLOW
2026-08-12 16:11:02,813 REQ-8DEAFB | /adminportal/api/model-hover-preview/ | MIDDLEWARE_AUTH | 1ms | 0 | OK
2026-08-12 16:11:02,813 REQ-8DEAFB | /adminportal/api/model-hover-preview/ | DB | 67ms | 8 | OK
2026-08-12 16:11:02,813 REQ-8DEAFB | /adminportal/api/model-hover-preview/ | VIEW | 19314ms | 8 | CRITICAL
2026-08-12 16:11:02,813 REQ-8DEAFB | /adminportal/api/model-hover-preview/ | MW_MODULE_ACCESS | 19375ms | 0 | CRITICAL
2026-08-12 16:11:02,813 REQ-8DEAFB | /adminportal/api/model-hover-preview/ | TEMPLATE | 0ms | 0 | OK
2026-08-12 16:11:02,813 REQ-8DEAFB | /adminportal/api/model-hover-preview/ | TOTAL | 19382ms | 8 | CRITICAL
2026-08-12 16:11:03,169 REQ-6582E7 | /rowlock/status/ | MIDDLEWARE_AUTH | 0ms | 0 | OK
2026-08-12 16:11:03,169 REQ-6582E7 | /rowlock/status/ | DB | 11ms | 3 | OK
2026-08-12 16:11:03,169 REQ-6582E7 | /rowlock/status/ | VIEW | 5648ms | 3 | CRITICAL
2026-08-12 16:11:03,169 REQ-6582E7 | /rowlock/status/ | MW_MODULE_ACCESS | 5587ms | 0 | CRITICAL
2026-08-12 16:11:03,169 REQ-6582E7 | /rowlock/status/ | TEMPLATE | 0ms | 0 | OK
2026-08-12 16:11:03,169 REQ-6582E7 | /rowlock/status/ | TOTAL | 5660ms | 3 | CRITICAL
2026-08-12 16:11:03,778 REQ-86D2BF | /rowlock/release/ | MIDDLEWARE_AUTH | 0ms | 0 | OK
2026-08-12 16:11:03,778 REQ-86D2BF | /rowlock/release/ | DB | 12ms | 3 | OK
2026-08-12 16:11:03,778 REQ-86D2BF | /rowlock/release/ | VIEW | 4101ms | 3 | SLOW
2026-08-12 16:11:03,778 REQ-86D2BF | /rowlock/release/ | MW_MODULE_ACCESS | 4108ms | 0 | SLOW
2026-08-12 16:11:03,778 REQ-86D2BF | /rowlock/release/ | TEMPLATE | 0ms | 0 | OK
2026-08-12 16:11:03,778 REQ-86D2BF | /rowlock/release/ | TOTAL | 4113ms | 3 | SLOW
2026-08-12 16:11:04,153 REQ-60D6E5 | /dayplanning/dp_pick_table/ | MIDDLEWARE_AUTH | 4299ms | 0 | SLOW
2026-08-12 16:11:04,153 REQ-60D6E5 | /dayplanning/dp_pick_table/ | DB | 109ms | 18 | OK
2026-08-12 16:11:04,153 REQ-60D6E5 | /dayplanning/dp_pick_table/ | VIEW | 68ms | 18 | OK
2026-08-12 16:11:04,153 REQ-60D6E5 | /dayplanning/dp_pick_table/ | DP_PERMISSION_CHECK | 15ms | 0 | OK
2026-08-12 16:11:04,153 REQ-60D6E5 | /dayplanning/dp_pick_table/ | DP_DATA_FETCH | 54ms | 0 | OK
2026-08-12 16:11:04,153 REQ-60D6E5 | /dayplanning/dp_pick_table/ | DP_PROCESSING | 27ms | 0 | OK
2026-08-12 16:11:04,153 REQ-60D6E5 | /dayplanning/dp_pick_table/ | MW_MODULE_ACCESS | 4410ms | 0 | SLOW
2026-08-12 16:11:04,153 REQ-60D6E5 | /dayplanning/dp_pick_table/ | TEMPLATE | 15ms | 0 | OK
2026-08-12 16:11:04,153 REQ-60D6E5 | /dayplanning/dp_pick_table/ | TOTAL | 4491ms | 18 | SLOW
2026-08-12 16:11:04,560 REQ-764909 | /accounts/login/ | MIDDLEWARE_AUTH | 0ms | 0 | OK
2026-08-12 16:11:04,560 REQ-764909 | /accounts/login/ | DB | 46ms | 16 | OK
2026-08-12 16:11:04,560 REQ-764909 | /accounts/login/ | VIEW | 5797ms | 16 | CRITICAL
2026-08-12 16:11:04,560 REQ-764909 | /accounts/login/ | MW_MODULE_ACCESS | 5841ms | 0 | CRITICAL
2026-08-12 16:11:04,560 REQ-764909 | /accounts/login/ | TEMPLATE | 0ms | 0 | OK
2026-08-12 16:11:04,560 REQ-764909 | /accounts/login/ | TOTAL | 5843ms | 16 | CRITICAL
2026-08-12 16:11:05,124 REQ-5C9FBB | /rowlock/status/ | MIDDLEWARE_AUTH | 0ms | 0 | OK
2026-08-12 16:11:05,124 REQ-5C9FBB | /rowlock/status/ | DB | 12ms | 3 | OK
2026-08-12 16:11:05,124 REQ-5C9FBB | /rowlock/status/ | VIEW | 2016ms | 3 | SLOW
2026-08-12 16:11:05,124 REQ-5C9FBB | /rowlock/status/ | MW_MODULE_ACCESS | 1940ms | 0 | SLOW
2026-08-12 16:11:05,124 REQ-5C9FBB | /rowlock/status/ | TEMPLATE | 0ms | 0 | OK
2026-08-12 16:11:05,124 REQ-5C9FBB | /rowlock/status/ | TOTAL | 2028ms | 3 | SLOW
2026-08-12 16:11:05,768 REQ-B08735 | /dayplanning/globally_drafted_trays/ | MIDDLEWARE_AUTH | 2432ms | 0 | SLOW
2026-08-12 16:11:05,768 REQ-B08735 | /dayplanning/globally_drafted_trays/ | DB | 31ms | 6 | OK
2026-08-12 16:11:05,768 REQ-B08735 | /dayplanning/globally_drafted_trays/ | VIEW | 106ms | 6 | OK
2026-08-12 16:11:05,768 REQ-B08735 | /dayplanning/globally_drafted_trays/ | MW_MODULE_ACCESS | 2457ms | 0 | SLOW
2026-08-12 16:11:05,768 REQ-B08735 | /dayplanning/globally_drafted_trays/ | TEMPLATE | 0ms | 0 | OK
2026-08-12 16:11:05,768 REQ-B08735 | /dayplanning/globally_drafted_trays/ | TOTAL | 2569ms | 6 | SLOW
2026-08-12 16:11:06,628 REQ-5610A2 | /adminportal/ | MIDDLEWARE_AUTH | 1ms | 0 | OK
2026-08-12 16:11:06,628 REQ-5610A2 | /adminportal/ | DB | 112ms | 23 | OK
2026-08-12 16:11:06,628 REQ-5610A2 | /adminportal/ | VIEW | 1395ms | 23 | SLOW
2026-08-12 16:11:06,628 REQ-5610A2 | /adminportal/ | MW_MODULE_ACCESS | 1453ms | 0 | SLOW
2026-08-12 16:11:06,628 REQ-5610A2 | /adminportal/ | TEMPLATE | 14ms | 0 | OK
2026-08-12 16:11:06,628 REQ-5610A2 | /adminportal/ | TOTAL | 1522ms | 23 | SLOW
2026-08-12 16:11:09,112 REQ-0174B7 | /rowlock/status/ | MIDDLEWARE_AUTH | 0ms | 0 | OK
2026-08-12 16:11:09,112 REQ-0174B7 | /rowlock/status/ | DB | 11ms | 3 | OK
2026-08-12 16:11:09,112 REQ-0174B7 | /rowlock/status/ | VIEW | 3962ms | 3 | SLOW
2026-08-12 16:11:09,112 REQ-0174B7 | /rowlock/status/ | MW_MODULE_ACCESS | 3946ms | 0 | SLOW
2026-08-12 16:11:09,112 REQ-0174B7 | /rowlock/status/ | TEMPLATE | 0ms | 0 | OK
2026-08-12 16:11:09,112 REQ-0174B7 | /rowlock/status/ | TOTAL | 3974ms | 3 | SLOW
2026-08-12 16:59:28,616 REQ-8B6B45 | /accounts/login/ | MIDDLEWARE_AUTH | 0ms | 0 | OK
2026-08-12 16:59:28,616 REQ-8B6B45 | /accounts/login/ | DB | 86ms | 16 | OK
2026-08-12 16:59:28,616 REQ-8B6B45 | /accounts/login/ | VIEW | 3761ms | 16 | SLOW
2026-08-12 16:59:28,616 REQ-8B6B45 | /accounts/login/ | MW_MODULE_ACCESS | 3845ms | 0 | SLOW
2026-08-12 16:59:28,616 REQ-8B6B45 | /accounts/login/ | TEMPLATE | 0ms | 0 | OK
2026-08-12 16:59:28,616 REQ-8B6B45 | /accounts/login/ | TOTAL | 3847ms | 16 | SLOW
2026-08-12 17:58:50,459 REQ-2DBCAE | /rowlock/status/ | MIDDLEWARE_AUTH | 0ms | 0 | OK
2026-08-12 17:58:50,459 REQ-2DBCAE | /rowlock/status/ | DB | 12ms | 3 | OK
2026-08-12 17:58:50,459 REQ-2DBCAE | /rowlock/status/ | VIEW | 1528ms | 3 | SLOW
2026-08-12 17:58:50,459 REQ-2DBCAE | /rowlock/status/ | MW_MODULE_ACCESS | 1536ms | 0 | SLOW
2026-08-12 17:58:50,459 REQ-2DBCAE | /rowlock/status/ | TEMPLATE | 0ms | 0 | OK
2026-08-12 17:58:50,459 REQ-2DBCAE | /rowlock/status/ | TOTAL | 1541ms | 3 | SLOW
2026-08-12 20:41:07,335 REQ-C85539 | /auth/microsoft/login/ | MIDDLEWARE_AUTH | 9ms | 0 | OK
2026-08-12 20:41:07,335 REQ-C85539 | /auth/microsoft/login/ | DB | 5ms | 2 | OK
2026-08-12 20:41:07,335 REQ-C85539 | /auth/microsoft/login/ | VIEW | 340435ms | 2 | CRITICAL
2026-08-12 20:41:07,335 REQ-C85539 | /auth/microsoft/login/ | MW_MODULE_ACCESS | 340185ms | 0 | CRITICAL
2026-08-12 20:41:07,335 REQ-C85539 | /auth/microsoft/login/ | TEMPLATE | 0ms | 0 | OK
2026-08-12 20:41:07,335 REQ-C85539 | /auth/microsoft/login/ | TOTAL | 340449ms | 2 | CRITICAL
2026-08-12 21:02:51,559 REQ-6F7F8C | /auth/microsoft/login/ | MIDDLEWARE_AUTH | 17ms | 0 | OK
2026-08-12 21:02:51,559 REQ-6F7F8C | /auth/microsoft/login/ | DB | 5ms | 2 | OK
2026-08-12 21:02:51,559 REQ-6F7F8C | /auth/microsoft/login/ | VIEW | 340885ms | 2 | CRITICAL
2026-08-12 21:02:51,559 REQ-6F7F8C | /auth/microsoft/login/ | MW_MODULE_ACCESS | 340801ms | 0 | CRITICAL
2026-08-12 21:02:51,559 REQ-6F7F8C | /auth/microsoft/login/ | TEMPLATE | 0ms | 0 | OK
2026-08-12 21:02:51,559 REQ-6F7F8C | /auth/microsoft/login/ | TOTAL | 340907ms | 2 | CRITICAL
2026-08-12 23:59:43,464 REQ-9ADE90 | /accounts/login/ | MIDDLEWARE_AUTH | 0ms | 0 | OK
2026-08-12 23:59:43,464 REQ-9ADE90 | /accounts/login/ | DB | 49ms | 16 | OK
2026-08-12 23:59:43,464 REQ-9ADE90 | /accounts/login/ | VIEW | 1289ms | 16 | SLOW
2026-08-12 23:59:43,464 REQ-9ADE90 | /accounts/login/ | MW_MODULE_ACCESS | 1335ms | 0 | SLOW
2026-08-12 23:59:43,464 REQ-9ADE90 | /accounts/login/ | TEMPLATE | 0ms | 0 | OK
2026-08-12 23:59:43,464 REQ-9ADE90 | /accounts/login/ | TOTAL | 1339ms | 16 | SLOW
2026-08-13 00:00:56,107 REQ-F52CA4 | /dayplanning/dp_completed_table/ | MIDDLEWARE_AUTH | 132ms | 0 | OK
2026-08-13 00:00:56,107 REQ-F52CA4 | /dayplanning/dp_completed_table/ | DB | 70ms | 29 | OK
2026-08-13 00:00:56,108 REQ-F52CA4 | /dayplanning/dp_completed_table/ | VIEW | 822ms | 29 | OK
2026-08-13 00:00:56,108 REQ-F52CA4 | /dayplanning/dp_completed_table/ | MW_MODULE_ACCESS | 1028ms | 0 | SLOW
2026-08-13 00:00:56,108 REQ-F52CA4 | /dayplanning/dp_completed_table/ | TEMPLATE | 23ms | 0 | OK
2026-08-13 00:00:56,108 REQ-F52CA4 | /dayplanning/dp_completed_table/ | TOTAL | 1047ms | 29 | SLOW
2026-08-13 00:04:21,307 REQ-058755 | /auth/microsoft/login/ | MIDDLEWARE_AUTH | 8ms | 0 | OK
2026-08-13 00:04:21,307 REQ-058755 | /auth/microsoft/login/ | DB | 4ms | 2 | OK
2026-08-13 00:04:21,307 REQ-058755 | /auth/microsoft/login/ | VIEW | 336887ms | 2 | CRITICAL
2026-08-13 00:04:21,307 REQ-058755 | /auth/microsoft/login/ | MW_MODULE_ACCESS | 336782ms | 0 | CRITICAL
2026-08-13 00:04:21,307 REQ-058755 | /auth/microsoft/login/ | TEMPLATE | 0ms | 0 | OK
2026-08-13 00:04:21,307 REQ-058755 | /auth/microsoft/login/ | TOTAL | 336900ms | 2 | CRITICAL
2026-08-13 00:12:58,099 REQ-342322 | /rowlock/heartbeat/ | MIDDLEWARE_AUTH | 0ms | 0 | OK
2026-08-13 00:12:58,099 REQ-342322 | /rowlock/heartbeat/ | DB | 266ms | 4 | OK
2026-08-13 00:12:58,099 REQ-342322 | /rowlock/heartbeat/ | VIEW | 804ms | 4 | OK
2026-08-13 00:12:58,099 REQ-342322 | /rowlock/heartbeat/ | MW_MODULE_ACCESS | 1067ms | 0 | SLOW
2026-08-13 00:12:58,099 REQ-342322 | /rowlock/heartbeat/ | TEMPLATE | 0ms | 0 | OK
2026-08-13 00:12:58,099 REQ-342322 | /rowlock/heartbeat/ | TOTAL | 1071ms | 4 | SLOW
2026-08-13 00:12:58,248 REQ-BCEFF4 | /rowlock/status/ | MIDDLEWARE_AUTH | 0ms | 0 | OK
2026-08-13 00:12:58,248 REQ-BCEFF4 | /rowlock/status/ | DB | 12ms | 3 | OK
2026-08-13 00:12:58,248 REQ-BCEFF4 | /rowlock/status/ | VIEW | 1198ms | 3 | SLOW
2026-08-13 00:12:58,248 REQ-BCEFF4 | /rowlock/status/ | MW_MODULE_ACCESS | 1191ms | 0 | SLOW
2026-08-13 00:12:58,248 REQ-BCEFF4 | /rowlock/status/ | TEMPLATE | 0ms | 0 | OK
2026-08-13 00:12:58,248 REQ-BCEFF4 | /rowlock/status/ | TOTAL | 1211ms | 3 | SLOW
2026-08-13 00:25:00,992 REQ-ACA2D7 | /rowlock/status/ | MIDDLEWARE_AUTH | 1ms | 0 | OK
2026-08-13 00:25:00,992 REQ-ACA2D7 | /rowlock/status/ | DB | 49ms | 3 | OK
2026-08-13 00:25:00,992 REQ-ACA2D7 | /rowlock/status/ | VIEW | 1102ms | 3 | SLOW
2026-08-13 00:25:00,992 REQ-ACA2D7 | /rowlock/status/ | MW_MODULE_ACCESS | 1143ms | 0 | SLOW
2026-08-13 00:25:00,993 REQ-ACA2D7 | /rowlock/status/ | TEMPLATE | 0ms | 0 | OK
2026-08-13 00:25:00,993 REQ-ACA2D7 | /rowlock/status/ | TOTAL | 1152ms | 3 | SLOW
2026-08-13 00:38:07,183 REQ-5C2FED | /rowlock/status/ | MIDDLEWARE_AUTH | 0ms | 0 | OK
2026-08-13 00:38:07,183 REQ-5C2FED | /rowlock/status/ | DB | 1093ms | 3 | SLOW
2026-08-13 00:38:07,183 REQ-5C2FED | /rowlock/status/ | VIEW | 149ms | 3 | OK
2026-08-13 00:38:07,183 REQ-5C2FED | /rowlock/status/ | MW_MODULE_ACCESS | 402ms | 0 | OK
2026-08-13 00:38:07,183 REQ-5C2FED | /rowlock/status/ | TEMPLATE | 0ms | 0 | OK
2026-08-13 00:38:07,183 REQ-5C2FED | /rowlock/status/ | TOTAL | 1242ms | 3 | SLOW
2026-08-13 01:28:55,743 REQ-A7D781 | /rowlock/heartbeat/ | MIDDLEWARE_AUTH | 0ms | 0 | OK
2026-08-13 01:28:55,743 REQ-A7D781 | /rowlock/heartbeat/ | DB | 14ms | 4 | OK
2026-08-13 01:28:55,743 REQ-A7D781 | /rowlock/heartbeat/ | VIEW | 2245ms | 4 | SLOW
2026-08-13 01:28:55,743 REQ-A7D781 | /rowlock/heartbeat/ | MW_MODULE_ACCESS | 2255ms | 0 | SLOW
2026-08-13 01:28:55,743 REQ-A7D781 | /rowlock/heartbeat/ | TEMPLATE | 0ms | 0 | OK
2026-08-13 01:28:55,743 REQ-A7D781 | /rowlock/heartbeat/ | TOTAL | 2259ms | 4 | SLOW
2026-08-13 10:17:47,199 REQ-B1436B | /adminportal/ | MIDDLEWARE_AUTH | 1ms | 0 | OK
2026-08-13 10:17:47,199 REQ-B1436B | /adminportal/ | DB | 17ms | 8 | OK
2026-08-13 10:17:47,199 REQ-B1436B | /adminportal/ | VIEW | 1552ms | 8 | SLOW
2026-08-13 10:17:47,199 REQ-B1436B | /adminportal/ | MW_MODULE_ACCESS | 1572ms | 0 | SLOW
2026-08-13 10:17:47,199 REQ-B1436B | /adminportal/ | TEMPLATE | 11ms | 0 | OK
2026-08-13 10:17:47,199 REQ-B1436B | /adminportal/ | TOTAL | 1581ms | 8 | SLOW
2026-08-13 11:01:54,598 REQ-90E4E4 | /accounts/login/ | MIDDLEWARE_AUTH | 0ms | 0 | OK
2026-08-13 11:01:54,598 REQ-90E4E4 | /accounts/login/ | DB | 86ms | 12 | OK
2026-08-13 11:01:54,598 REQ-90E4E4 | /accounts/login/ | VIEW | 973ms | 12 | OK
2026-08-13 11:01:54,598 REQ-90E4E4 | /accounts/login/ | MW_MODULE_ACCESS | 1055ms | 0 | SLOW
2026-08-13 11:01:54,598 REQ-90E4E4 | /accounts/login/ | TEMPLATE | 0ms | 0 | OK
2026-08-13 11:01:54,598 REQ-90E4E4 | /accounts/login/ | TOTAL | 1059ms | 12 | SLOW
2026-08-13 11:07:20,317 REQ-ED24E8 | /accounts/login/ | MIDDLEWARE_AUTH | 0ms | 0 | OK
2026-08-13 11:07:20,317 REQ-ED24E8 | /accounts/login/ | DB | 50ms | 16 | OK
2026-08-13 11:07:20,317 REQ-ED24E8 | /accounts/login/ | VIEW | 2968ms | 16 | SLOW
2026-08-13 11:07:20,317 REQ-ED24E8 | /accounts/login/ | MW_MODULE_ACCESS | 3011ms | 0 | SLOW
2026-08-13 11:07:20,317 REQ-ED24E8 | /accounts/login/ | TEMPLATE | 0ms | 0 | OK
2026-08-13 11:07:20,317 REQ-ED24E8 | /accounts/login/ | TOTAL | 3018ms | 16 | SLOW
2026-08-13 15:38:57,215 REQ-77FC6B | /rowlock/status/ | MIDDLEWARE_AUTH | 0ms | 0 | OK
2026-08-13 15:38:57,215 REQ-77FC6B | /rowlock/status/ | DB | 11ms | 3 | OK
2026-08-13 15:38:57,215 REQ-77FC6B | /rowlock/status/ | VIEW | 2689ms | 3 | SLOW
2026-08-13 15:38:57,215 REQ-77FC6B | /rowlock/status/ | MW_MODULE_ACCESS | 2695ms | 0 | SLOW
2026-08-13 15:38:57,215 REQ-77FC6B | /rowlock/status/ | TEMPLATE | 0ms | 0 | OK
2026-08-13 15:38:57,215 REQ-77FC6B | /rowlock/status/ | TOTAL | 2701ms | 3 | SLOW
2026-08-14 00:14:08,853 REQ-125C57 | /accounts/login/ | MIDDLEWARE_AUTH | 31ms | 0 | OK
2026-08-14 00:14:08,853 REQ-125C57 | /accounts/login/ | DB | 45ms | 16 | OK
2026-08-14 00:14:08,853 REQ-125C57 | /accounts/login/ | VIEW | 2103ms | 16 | SLOW
2026-08-14 00:14:08,853 REQ-125C57 | /accounts/login/ | MW_MODULE_ACCESS | 2147ms | 0 | SLOW
2026-08-14 00:14:08,853 REQ-125C57 | /accounts/login/ | TEMPLATE | 0ms | 0 | OK
2026-08-14 00:14:08,853 REQ-125C57 | /accounts/login/ | TOTAL | 2180ms | 16 | SLOW
2026-08-14 00:22:24,296 REQ-0C0246 | /accounts/login/ | MIDDLEWARE_AUTH | 0ms | 0 | OK
2026-08-14 00:22:24,296 REQ-0C0246 | /accounts/login/ | DB | 121ms | 16 | OK
2026-08-14 00:22:24,296 REQ-0C0246 | /accounts/login/ | VIEW | 21991ms | 16 | CRITICAL
2026-08-14 00:22:24,296 REQ-0C0246 | /accounts/login/ | MW_MODULE_ACCESS | 22110ms | 0 | CRITICAL
2026-08-14 00:22:24,296 REQ-0C0246 | /accounts/login/ | TEMPLATE | 0ms | 0 | OK
2026-08-14 00:22:24,296 REQ-0C0246 | /accounts/login/ | TOTAL | 22112ms | 16 | CRITICAL
2026-08-14 00:22:27,230 REQ-AA7BFD | /inputscreening/IS_PickTable/ | MIDDLEWARE_AUTH | 2683ms | 0 | SLOW
2026-08-14 00:22:27,230 REQ-AA7BFD | /inputscreening/IS_PickTable/ | DB | 89ms | 29 | OK
2026-08-14 00:22:27,230 REQ-AA7BFD | /inputscreening/IS_PickTable/ | VIEW | 73ms | 29 | OK
2026-08-14 00:22:27,230 REQ-AA7BFD | /inputscreening/IS_PickTable/ | MW_MODULE_ACCESS | 2824ms | 0 | SLOW
2026-08-14 00:22:27,230 REQ-AA7BFD | /inputscreening/IS_PickTable/ | TEMPLATE | 20ms | 0 | OK
2026-08-14 00:22:27,230 REQ-AA7BFD | /inputscreening/IS_PickTable/ | TOTAL | 2864ms | 29 | SLOW
2026-08-14 09:11:16,070 REQ-67BDD3 | /dayplanning/dp_completed_table/ | MIDDLEWARE_AUTH | 2ms | 0 | OK
2026-08-14 09:11:16,070 REQ-67BDD3 | /dayplanning/dp_completed_table/ | DB | 55ms | 41 | OK
2026-08-14 09:11:16,070 REQ-67BDD3 | /dayplanning/dp_completed_table/ | VIEW | 1115ms | 41 | SLOW
2026-08-14 09:11:16,070 REQ-67BDD3 | /dayplanning/dp_completed_table/ | MW_MODULE_ACCESS | 1195ms | 0 | SLOW
2026-08-14 09:11:16,070 REQ-67BDD3 | /dayplanning/dp_completed_table/ | TEMPLATE | 25ms | 0 | OK
2026-08-14 09:11:16,070 REQ-67BDD3 | /dayplanning/dp_completed_table/ | TOTAL | 1197ms | 41 | SLOW
2026-08-14 10:33:22,990 REQ-6DC999 | /rowlock/status/ | MIDDLEWARE_AUTH | 0ms | 0 | OK
2026-08-14 10:33:22,990 REQ-6DC999 | /rowlock/status/ | DB | 3148ms | 3 | SLOW
2026-08-14 10:33:22,990 REQ-6DC999 | /rowlock/status/ | VIEW | 373ms | 3 | OK
2026-08-14 10:33:22,990 REQ-6DC999 | /rowlock/status/ | MW_MODULE_ACCESS | 3516ms | 0 | SLOW
2026-08-14 10:33:22,990 REQ-6DC999 | /rowlock/status/ | TEMPLATE | 0ms | 0 | OK
2026-08-14 10:33:22,990 REQ-6DC999 | /rowlock/status/ | TOTAL | 3521ms | 3 | SLOW
2026-08-14 10:38:57,818 REQ-647246 | /rowlock/status/ | MIDDLEWARE_AUTH | 0ms | 0 | OK
2026-08-14 10:38:57,818 REQ-647246 | /rowlock/status/ | DB | 15ms | 3 | OK
2026-08-14 10:38:57,818 REQ-647246 | /rowlock/status/ | VIEW | 6396ms | 3 | CRITICAL
2026-08-14 10:38:57,818 REQ-647246 | /rowlock/status/ | MW_MODULE_ACCESS | 6405ms | 0 | CRITICAL
2026-08-14 10:38:57,818 REQ-647246 | /rowlock/status/ | TEMPLATE | 0ms | 0 | OK
2026-08-14 10:38:57,818 REQ-647246 | /rowlock/status/ | TOTAL | 6411ms | 3 | CRITICAL
2026-08-14 10:51:00,826 REQ-6957EA | /accounts/login/ | MIDDLEWARE_AUTH | 0ms | 0 | OK
2026-08-14 10:51:00,826 REQ-6957EA | /accounts/login/ | DB | 51ms | 10 | OK
2026-08-14 10:51:00,826 REQ-6957EA | /accounts/login/ | VIEW | 2231ms | 10 | SLOW
2026-08-14 10:51:00,826 REQ-6957EA | /accounts/login/ | MW_MODULE_ACCESS | 2283ms | 0 | SLOW
2026-08-14 10:51:00,826 REQ-6957EA | /accounts/login/ | TEMPLATE | 1ms | 0 | OK
2026-08-14 10:51:00,826 REQ-6957EA | /accounts/login/ | TOTAL | 2283ms | 10 | SLOW
2026-08-14 10:51:42,720 REQ-983BC8 | /accounts/login/ | MIDDLEWARE_AUTH | 0ms | 0 | OK
2026-08-14 10:51:42,720 REQ-983BC8 | /accounts/login/ | DB | 60ms | 10 | OK
2026-08-14 10:51:42,720 REQ-983BC8 | /accounts/login/ | VIEW | 12803ms | 10 | CRITICAL
2026-08-14 10:51:42,720 REQ-983BC8 | /accounts/login/ | MW_MODULE_ACCESS | 12863ms | 0 | CRITICAL
2026-08-14 10:51:42,720 REQ-983BC8 | /accounts/login/ | TEMPLATE | 1ms | 0 | OK
2026-08-14 10:51:42,720 REQ-983BC8 | /accounts/login/ | TOTAL | 12864ms | 10 | CRITICAL
2026-08-14 10:52:16,269 REQ-4C6FC2 | /accounts/login/ | MIDDLEWARE_AUTH | 0ms | 0 | OK
2026-08-14 10:52:16,269 REQ-4C6FC2 | /accounts/login/ | DB | 97ms | 16 | OK
2026-08-14 10:52:16,269 REQ-4C6FC2 | /accounts/login/ | VIEW | 4265ms | 16 | SLOW
2026-08-14 10:52:16,269 REQ-4C6FC2 | /accounts/login/ | MW_MODULE_ACCESS | 4360ms | 0 | SLOW
2026-08-14 10:52:16,269 REQ-4C6FC2 | /accounts/login/ | TEMPLATE | 0ms | 0 | OK
2026-08-14 10:52:16,269 REQ-4C6FC2 | /accounts/login/ | TOTAL | 4362ms | 16 | SLOW
2026-08-14 10:52:17,867 REQ-7DA18A | /home/ | MIDDLEWARE_AUTH | 0ms | 0 | OK
2026-08-14 10:52:17,867 REQ-7DA18A | /home/ | DB | 403ms | 19 | OK
2026-08-14 10:52:17,867 REQ-7DA18A | /home/ | VIEW | 997ms | 19 | OK
2026-08-14 10:52:17,867 REQ-7DA18A | /home/ | MW_MODULE_ACCESS | 1363ms | 0 | SLOW
2026-08-14 10:52:17,867 REQ-7DA18A | /home/ | TEMPLATE | 13ms | 0 | OK
2026-08-14 10:52:17,867 REQ-7DA18A | /home/ | TOTAL | 1414ms | 19 | SLOW
2026-08-14 10:52:44,997 REQ-094E3C | /iqf/iqf_accept_delink_modal/ | MIDDLEWARE_AUTH | 144ms | 0 | OK
2026-08-14 10:52:44,997 REQ-094E3C | /iqf/iqf_accept_delink_modal/ | DB | 2567ms | 55 | SLOW
2026-08-14 10:52:44,997 REQ-094E3C | /iqf/iqf_accept_delink_modal/ | VIEW | 618ms | 55 | OK
2026-08-14 10:52:44,997 REQ-094E3C | /iqf/iqf_accept_delink_modal/ | MW_MODULE_ACCESS | 3322ms | 0 | SLOW
2026-08-14 10:52:44,997 REQ-094E3C | /iqf/iqf_accept_delink_modal/ | TEMPLATE | 0ms | 0 | OK
2026-08-14 10:52:44,997 REQ-094E3C | /iqf/iqf_accept_delink_modal/ | TOTAL | 3329ms | 55 | SLOW
2026-08-14 13:26:54,110 REQ-048D92 | /inputscreening/get_dp_trays/ | MIDDLEWARE_AUTH | 870ms | 0 | OK
2026-08-14 13:26:54,110 REQ-048D92 | /inputscreening/get_dp_trays/ | DB | 24ms | 7 | OK
2026-08-14 13:26:54,110 REQ-048D92 | /inputscreening/get_dp_trays/ | VIEW | 404ms | 7 | OK
2026-08-14 13:26:54,110 REQ-048D92 | /inputscreening/get_dp_trays/ | MW_MODULE_ACCESS | 890ms | 0 | OK
2026-08-14 13:26:54,110 REQ-048D92 | /inputscreening/get_dp_trays/ | TEMPLATE | 0ms | 0 | OK
2026-08-14 13:26:54,110 REQ-048D92 | /inputscreening/get_dp_trays/ | TOTAL | 1299ms | 7 | SLOW
2026-08-17 10:23:35,531 REQ-C542D3 | /accounts/login/ | MIDDLEWARE_AUTH | 0ms | 0 | OK
2026-08-17 10:23:35,531 REQ-C542D3 | /accounts/login/ | DB | 994ms | 16 | OK
2026-08-17 10:23:35,531 REQ-C542D3 | /accounts/login/ | VIEW | 15061ms | 16 | CRITICAL
2026-08-17 10:23:35,531 REQ-C542D3 | /accounts/login/ | MW_MODULE_ACCESS | 16054ms | 0 | CRITICAL
2026-08-17 10:23:35,531 REQ-C542D3 | /accounts/login/ | TEMPLATE | 0ms | 0 | OK
2026-08-17 10:23:35,531 REQ-C542D3 | /accounts/login/ | TOTAL | 16056ms | 16 | CRITICAL
2026-08-17 10:24:26,861 REQ-4874A5 | /dayplanning/dp_completed_table/ | MIDDLEWARE_AUTH | 105ms | 0 | OK
2026-08-17 10:24:26,861 REQ-4874A5 | /dayplanning/dp_completed_table/ | DB | 49903ms | 64 | CRITICAL
2026-08-17 10:24:26,861 REQ-4874A5 | /dayplanning/dp_completed_table/ | VIEW | 0ms | 64 | OK
2026-08-17 10:24:26,861 REQ-4874A5 | /dayplanning/dp_completed_table/ | MW_MODULE_ACCESS | 51278ms | 0 | CRITICAL
2026-08-17 10:24:26,861 REQ-4874A5 | /dayplanning/dp_completed_table/ | TEMPLATE | 7760ms | 0 | CRITICAL
2026-08-17 10:24:26,861 REQ-4874A5 | /dayplanning/dp_completed_table/ | TOTAL | 51281ms | 64 | CRITICAL
2026-08-17 11:59:56,984 REQ-84424C | /rowlock/status/ | MIDDLEWARE_AUTH | 0ms | 0 | OK
2026-08-17 11:59:56,984 REQ-84424C | /rowlock/status/ | DB | 12ms | 3 | OK
2026-08-17 11:59:56,984 REQ-84424C | /rowlock/status/ | VIEW | 1505ms | 3 | SLOW
2026-08-17 11:59:56,984 REQ-84424C | /rowlock/status/ | MW_MODULE_ACCESS | 1513ms | 0 | SLOW
2026-08-17 11:59:56,984 REQ-84424C | /rowlock/status/ | TEMPLATE | 0ms | 0 | OK
2026-08-17 11:59:56,984 REQ-84424C | /rowlock/status/ | TOTAL | 1518ms | 3 | SLOW
2026-08-17 12:04:57,732 REQ-BC5B0C | /rowlock/status/ | MIDDLEWARE_AUTH | 0ms | 0 | OK
2026-08-17 12:04:57,732 REQ-BC5B0C | /rowlock/status/ | DB | 19ms | 3 | OK
2026-08-17 12:04:57,732 REQ-BC5B0C | /rowlock/status/ | VIEW | 2252ms | 3 | SLOW
2026-08-17 12:04:57,732 REQ-BC5B0C | /rowlock/status/ | MW_MODULE_ACCESS | 2266ms | 0 | SLOW
2026-08-17 12:04:57,732 REQ-BC5B0C | /rowlock/status/ | TEMPLATE | 0ms | 0 | OK
2026-08-17 12:04:57,732 REQ-BC5B0C | /rowlock/status/ | TOTAL | 2271ms | 3 | SLOW
2026-08-17 12:05:23,662 REQ-5F1341 | /rowlock/heartbeat/ | MIDDLEWARE_AUTH | 0ms | 0 | OK
2026-08-17 12:05:23,662 REQ-5F1341 | /rowlock/heartbeat/ | DB | 17ms | 4 | OK
2026-08-17 12:05:23,662 REQ-5F1341 | /rowlock/heartbeat/ | VIEW | 1329ms | 4 | SLOW
2026-08-17 12:05:23,662 REQ-5F1341 | /rowlock/heartbeat/ | MW_MODULE_ACCESS | 1343ms | 0 | SLOW
2026-08-17 12:05:23,662 REQ-5F1341 | /rowlock/heartbeat/ | TEMPLATE | 0ms | 0 | OK
2026-08-17 12:05:23,662 REQ-5F1341 | /rowlock/heartbeat/ | TOTAL | 1347ms | 4 | SLOW
2026-08-17 12:09:05,532 REQ-F20F3E | /rowlock/status/ | MIDDLEWARE_AUTH | 0ms | 0 | OK
2026-08-17 12:09:05,532 REQ-F20F3E | /rowlock/status/ | DB | 15ms | 3 | OK
2026-08-17 12:09:05,532 REQ-F20F3E | /rowlock/status/ | VIEW | 7512ms | 3 | CRITICAL
2026-08-17 12:09:05,532 REQ-F20F3E | /rowlock/status/ | MW_MODULE_ACCESS | 7520ms | 0 | CRITICAL
2026-08-17 12:09:05,532 REQ-F20F3E | /rowlock/status/ | TEMPLATE | 0ms | 0 | OK
2026-08-17 12:09:05,532 REQ-F20F3E | /rowlock/status/ | TOTAL | 7527ms | 3 | CRITICAL
2026-08-17 12:09:06,205 REQ-264064 | /rowlock/heartbeat/ | MIDDLEWARE_AUTH | 0ms | 0 | OK
2026-08-17 12:09:06,205 REQ-264064 | /rowlock/heartbeat/ | DB | 16ms | 4 | OK
2026-08-17 12:09:06,205 REQ-264064 | /rowlock/heartbeat/ | VIEW | 2313ms | 4 | SLOW
2026-08-17 12:09:06,205 REQ-264064 | /rowlock/heartbeat/ | MW_MODULE_ACCESS | 2325ms | 0 | SLOW
2026-08-17 12:09:06,205 REQ-264064 | /rowlock/heartbeat/ | TEMPLATE | 0ms | 0 | OK
2026-08-17 12:09:06,205 REQ-264064 | /rowlock/heartbeat/ | TOTAL | 2329ms | 4 | SLOW
2026-08-17 12:38:23,386 REQ-F89552 | /rowlock/heartbeat/ | MIDDLEWARE_AUTH | 0ms | 0 | OK
2026-08-17 12:38:23,386 REQ-F89552 | /rowlock/heartbeat/ | DB | 17ms | 4 | OK
2026-08-17 12:38:23,386 REQ-F89552 | /rowlock/heartbeat/ | VIEW | 1059ms | 4 | SLOW
2026-08-17 12:38:23,386 REQ-F89552 | /rowlock/heartbeat/ | MW_MODULE_ACCESS | 1073ms | 0 | SLOW
2026-08-17 12:38:23,386 REQ-F89552 | /rowlock/heartbeat/ | TEMPLATE | 0ms | 0 | OK
2026-08-17 12:38:23,386 REQ-F89552 | /rowlock/heartbeat/ | TOTAL | 1077ms | 4 | SLOW
2026-08-17 12:48:50,911 REQ-1D6A15 | /rowlock/heartbeat/ | MIDDLEWARE_AUTH | 2ms | 0 | OK
2026-08-17 12:48:50,912 REQ-1D6A15 | /rowlock/heartbeat/ | DB | 14ms | 4 | OK
2026-08-17 12:48:50,912 REQ-1D6A15 | /rowlock/heartbeat/ | VIEW | 1462ms | 4 | SLOW
2026-08-17 12:48:50,912 REQ-1D6A15 | /rowlock/heartbeat/ | MW_MODULE_ACCESS | 1472ms | 0 | SLOW
2026-08-17 12:48:50,912 REQ-1D6A15 | /rowlock/heartbeat/ | TEMPLATE | 0ms | 0 | OK
2026-08-17 12:48:50,912 REQ-1D6A15 | /rowlock/heartbeat/ | TOTAL | 1478ms | 4 | SLOW
2026-08-17 14:00:02,488 REQ-58F45A | /rowlock/status/ | MIDDLEWARE_AUTH | 0ms | 0 | OK
2026-08-17 14:00:02,488 REQ-58F45A | /rowlock/status/ | DB | 18ms | 3 | OK
2026-08-17 14:00:02,488 REQ-58F45A | /rowlock/status/ | VIEW | 1152ms | 3 | SLOW
2026-08-17 14:00:02,488 REQ-58F45A | /rowlock/status/ | MW_MODULE_ACCESS | 1158ms | 0 | SLOW
2026-08-17 14:00:02,488 REQ-58F45A | /rowlock/status/ | TEMPLATE | 0ms | 0 | OK
2026-08-17 14:00:02,488 REQ-58F45A | /rowlock/status/ | TOTAL | 1170ms | 3 | SLOW
2026-08-17 14:46:15,994 REQ-E1243D | /iqf/iqf_accept_delink_modal/ | MIDDLEWARE_AUTH | 5ms | 0 | OK
2026-08-17 14:46:15,994 REQ-E1243D | /iqf/iqf_accept_delink_modal/ | DB | 1465ms | 50 | SLOW
2026-08-17 14:46:15,994 REQ-E1243D | /iqf/iqf_accept_delink_modal/ | VIEW | 516ms | 50 | OK
2026-08-17 14:46:15,994 REQ-E1243D | /iqf/iqf_accept_delink_modal/ | MW_MODULE_ACCESS | 1983ms | 0 | SLOW
2026-08-17 14:46:15,994 REQ-E1243D | /iqf/iqf_accept_delink_modal/ | TEMPLATE | 0ms | 0 | OK
2026-08-17 14:46:15,994 REQ-E1243D | /iqf/iqf_accept_delink_modal/ | TOTAL | 1986ms | 50 | SLOW
2026-08-17 15:32:52,958 REQ-D87539 | /inputscreening/IS_PickTable/ | MIDDLEWARE_AUTH | 927ms | 0 | OK
2026-08-17 15:32:52,958 REQ-D87539 | /inputscreening/IS_PickTable/ | DB | 122ms | 14 | OK
2026-08-17 15:32:52,958 REQ-D87539 | /inputscreening/IS_PickTable/ | VIEW | 343ms | 14 | OK
2026-08-17 15:32:52,958 REQ-D87539 | /inputscreening/IS_PickTable/ | MW_MODULE_ACCESS | 1093ms | 0 | SLOW
2026-08-17 15:32:52,958 REQ-D87539 | /inputscreening/IS_PickTable/ | TEMPLATE | 26ms | 0 | OK
2026-08-17 15:32:52,958 REQ-D87539 | /inputscreening/IS_PickTable/ | TOTAL | 1418ms | 14 | SLOW
2026-08-17 15:48:39,174 REQ-1F9E06 | /rowlock/release/ | MIDDLEWARE_AUTH | 0ms | 0 | OK
2026-08-17 15:48:39,174 REQ-1F9E06 | /rowlock/release/ | DB | 13ms | 3 | OK
2026-08-17 15:48:39,174 REQ-1F9E06 | /rowlock/release/ | VIEW | 1188ms | 3 | SLOW
2026-08-17 15:48:39,174 REQ-1F9E06 | /rowlock/release/ | MW_MODULE_ACCESS | 1197ms | 0 | SLOW
2026-08-17 15:48:39,175 REQ-1F9E06 | /rowlock/release/ | TEMPLATE | 0ms | 0 | OK
2026-08-17 15:48:39,175 REQ-1F9E06 | /rowlock/release/ | TOTAL | 1201ms | 3 | SLOW
2026-08-17 17:53:23,231 REQ-2606DE | /brass_audit/api/action/ | MIDDLEWARE_AUTH | 259ms | 0 | OK
2026-08-17 17:53:23,232 REQ-2606DE | /brass_audit/api/action/ | DB | 791ms | 6 | OK
2026-08-17 17:53:23,232 REQ-2606DE | /brass_audit/api/action/ | VIEW | 20ms | 6 | OK
2026-08-17 17:53:23,232 REQ-2606DE | /brass_audit/api/action/ | MW_MODULE_ACCESS | 1035ms | 0 | SLOW
2026-08-17 17:53:23,232 REQ-2606DE | /brass_audit/api/action/ | TEMPLATE | 0ms | 0 | OK
2026-08-17 17:53:23,232 REQ-2606DE | /brass_audit/api/action/ | TOTAL | 1070ms | 6 | SLOW
2026-08-18 09:49:33,401 REQ-559F30 | /auth/microsoft/login/ | MIDDLEWARE_AUTH | 1ms | 0 | OK
2026-08-18 09:49:33,401 REQ-559F30 | /auth/microsoft/login/ | DB | 24ms | 2 | OK
2026-08-18 09:49:33,401 REQ-559F30 | /auth/microsoft/login/ | VIEW | 337700ms | 2 | CRITICAL
2026-08-18 09:49:33,401 REQ-559F30 | /auth/microsoft/login/ | MW_MODULE_ACCESS | 337590ms | 0 | CRITICAL
2026-08-18 09:49:33,401 REQ-559F30 | /auth/microsoft/login/ | TEMPLATE | 0ms | 0 | OK
2026-08-18 09:49:33,401 REQ-559F30 | /auth/microsoft/login/ | TOTAL | 337725ms | 2 | CRITICAL
2026-08-18 11:16:05,612 REQ-09E58F | /accounts/login/ | MIDDLEWARE_AUTH | 7284ms | 0 | CRITICAL
2026-08-18 11:16:05,612 REQ-09E58F | /accounts/login/ | DB | 0ms | 0 | OK
2026-08-18 11:16:05,612 REQ-09E58F | /accounts/login/ | VIEW | 1ms | 0 | OK
2026-08-18 11:16:05,612 REQ-09E58F | /accounts/login/ | MW_MODULE_ACCESS | 28186ms | 0 | CRITICAL
2026-08-18 11:16:05,612 REQ-09E58F | /accounts/login/ | TEMPLATE | 28185ms | 0 | CRITICAL
2026-08-18 11:16:05,612 REQ-09E58F | /accounts/login/ | TOTAL | 35471ms | 0 | CRITICAL
2026-08-18 11:19:09,948 REQ-CC4F49 | /accounts/login/ | MIDDLEWARE_AUTH | 0ms | 0 | OK
2026-08-18 11:19:09,948 REQ-CC4F49 | /accounts/login/ | DB | 93ms | 16 | OK
2026-08-18 11:19:09,948 REQ-CC4F49 | /accounts/login/ | VIEW | 20020ms | 16 | CRITICAL
2026-08-18 11:19:09,948 REQ-CC4F49 | /accounts/login/ | MW_MODULE_ACCESS | 20090ms | 0 | CRITICAL
2026-08-18 11:19:09,948 REQ-CC4F49 | /accounts/login/ | TEMPLATE | 0ms | 0 | OK
2026-08-18 11:19:09,948 REQ-CC4F49 | /accounts/login/ | TOTAL | 20113ms | 16 | CRITICAL
2026-08-18 11:19:18,913 REQ-720CB2 | /home/ | MIDDLEWARE_AUTH | 0ms | 0 | OK
2026-08-18 11:19:18,913 REQ-720CB2 | /home/ | DB | 2773ms | 19 | SLOW
2026-08-18 11:19:18,913 REQ-720CB2 | /home/ | VIEW | 40ms | 19 | OK
2026-08-18 11:19:18,913 REQ-720CB2 | /home/ | MW_MODULE_ACCESS | 3997ms | 0 | SLOW
2026-08-18 11:19:18,913 REQ-720CB2 | /home/ | TEMPLATE | 1219ms | 0 | SLOW
2026-08-18 11:19:18,913 REQ-720CB2 | /home/ | TOTAL | 4032ms | 19 | SLOW
2026-08-18 16:19:03,317 REQ-6A2C81 | /brass_qc/brass_completed/ | MIDDLEWARE_AUTH | 2ms | 0 | OK
2026-08-18 16:19:03,317 REQ-6A2C81 | /brass_qc/brass_completed/ | DB | 13ms | 11 | OK
2026-08-18 16:19:03,317 REQ-6A2C81 | /brass_qc/brass_completed/ | VIEW | 8011ms | 11 | CRITICAL
2026-08-18 16:19:03,317 REQ-6A2C81 | /brass_qc/brass_completed/ | MW_MODULE_ACCESS | 8043ms | 0 | CRITICAL
2026-08-18 16:19:03,317 REQ-6A2C81 | /brass_qc/brass_completed/ | TEMPLATE | 18ms | 0 | OK
2026-08-18 16:19:03,317 REQ-6A2C81 | /brass_qc/brass_completed/ | TOTAL | 8045ms | 11 | CRITICAL
2026-08-18 22:18:28,974 REQ-51D177 | /accounts/login/ | MIDDLEWARE_AUTH | 0ms | 0 | OK
2026-08-18 22:18:28,974 REQ-51D177 | /accounts/login/ | DB | 117ms | 16 | OK
2026-08-18 22:18:28,974 REQ-51D177 | /accounts/login/ | VIEW | 6291ms | 16 | CRITICAL
2026-08-18 22:18:28,974 REQ-51D177 | /accounts/login/ | MW_MODULE_ACCESS | 6406ms | 0 | CRITICAL
2026-08-18 22:18:28,974 REQ-51D177 | /accounts/login/ | TEMPLATE | 0ms | 0 | OK
2026-08-18 22:18:28,974 REQ-51D177 | /accounts/login/ | TOTAL | 6408ms | 16 | CRITICAL
2026-08-19 13:03:47,802 REQ-24E491 | /dayplanning/dp_completed_table/ | MIDDLEWARE_AUTH | 2ms | 0 | OK
2026-08-19 13:03:47,802 REQ-24E491 | /dayplanning/dp_completed_table/ | DB | 44ms | 21 | OK
2026-08-19 13:03:47,802 REQ-24E491 | /dayplanning/dp_completed_table/ | VIEW | 8430ms | 21 | CRITICAL
2026-08-19 13:03:47,802 REQ-24E491 | /dayplanning/dp_completed_table/ | MW_MODULE_ACCESS | 8576ms | 0 | CRITICAL
2026-08-19 13:03:47,802 REQ-24E491 | /dayplanning/dp_completed_table/ | TEMPLATE | 116ms | 0 | OK
2026-08-19 13:03:47,802 REQ-24E491 | /dayplanning/dp_completed_table/ | TOTAL | 8592ms | 21 | CRITICAL
2026-08-19 13:03:47,802 REQ-1E96F7 | /dayplanning/dp_completed_table/ | MIDDLEWARE_AUTH | 103ms | 0 | OK
2026-08-19 13:03:47,802 REQ-1E96F7 | /dayplanning/dp_completed_table/ | DB | 63ms | 21 | OK
2026-08-19 13:03:47,802 REQ-1E96F7 | /dayplanning/dp_completed_table/ | VIEW | 5456ms | 21 | CRITICAL
2026-08-19 13:03:47,802 REQ-1E96F7 | /dayplanning/dp_completed_table/ | MW_MODULE_ACCESS | 5746ms | 0 | CRITICAL
2026-08-19 13:03:47,802 REQ-1E96F7 | /dayplanning/dp_completed_table/ | TEMPLATE | 130ms | 0 | OK
2026-08-19 13:03:47,802 REQ-1E96F7 | /dayplanning/dp_completed_table/ | TOTAL | 5752ms | 21 | CRITICAL
2026-08-20 10:27:48,616 REQ-73FEB0 | /accounts/login/ | MIDDLEWARE_AUTH | 0ms | 0 | OK
2026-08-20 10:27:48,616 REQ-73FEB0 | /accounts/login/ | DB | 54ms | 16 | OK
2026-08-20 10:27:48,616 REQ-73FEB0 | /accounts/login/ | VIEW | 8309ms | 16 | CRITICAL
2026-08-20 10:27:48,616 REQ-73FEB0 | /accounts/login/ | MW_MODULE_ACCESS | 8361ms | 0 | CRITICAL
2026-08-20 10:27:48,616 REQ-73FEB0 | /accounts/login/ | TEMPLATE | 0ms | 0 | OK
2026-08-20 10:27:48,616 REQ-73FEB0 | /accounts/login/ | TOTAL | 8363ms | 16 | CRITICAL
2026-08-20 12:58:47,343 REQ-2BA1CA | /jig_loading/api/jig/save/ | MIDDLEWARE_AUTH | 4ms | 0 | OK
2026-08-20 12:58:47,343 REQ-2BA1CA | /jig_loading/api/jig/save/ | DB | 936ms | 145 | OK
2026-08-20 12:58:47,343 REQ-2BA1CA | /jig_loading/api/jig/save/ | VIEW | 66ms | 145 | OK
2026-08-20 12:58:47,343 REQ-2BA1CA | /jig_loading/api/jig/save/ | MW_MODULE_ACCESS | 1004ms | 0 | SLOW
2026-08-20 12:58:47,343 REQ-2BA1CA | /jig_loading/api/jig/save/ | TEMPLATE | 0ms | 0 | OK
2026-08-20 12:58:47,343 REQ-2BA1CA | /jig_loading/api/jig/save/ | TOTAL | 1007ms | 145 | SLOW
2026-08-20 12:58:51,453 REQ-D280DD | /jig_loading/JigView/ | MIDDLEWARE_AUTH | 60ms | 0 | OK
2026-08-20 12:58:51,453 REQ-D280DD | /jig_loading/JigView/ | DB | 1799ms | 16 | SLOW
2026-08-20 12:58:51,453 REQ-D280DD | /jig_loading/JigView/ | VIEW | 12ms | 16 | OK
2026-08-20 12:58:51,453 REQ-D280DD | /jig_loading/JigView/ | MW_MODULE_ACCESS | 1868ms | 0 | SLOW
2026-08-20 12:58:51,453 REQ-D280DD | /jig_loading/JigView/ | TEMPLATE | 0ms | 0 | OK
2026-08-20 12:58:51,453 REQ-D280DD | /jig_loading/JigView/ | TOTAL | 1870ms | 16 | SLOW
2026-08-20 12:58:51,484 REQ-633B40 | /rowlock/release/ | MIDDLEWARE_AUTH | 0ms | 0 | OK
2026-08-20 12:58:51,484 REQ-633B40 | /rowlock/release/ | DB | 11ms | 3 | OK
2026-08-20 12:58:51,484 REQ-633B40 | /rowlock/release/ | VIEW | 2014ms | 3 | SLOW
2026-08-20 12:58:51,484 REQ-633B40 | /rowlock/release/ | MW_MODULE_ACCESS | 2022ms | 0 | SLOW
2026-08-20 12:58:51,484 REQ-633B40 | /rowlock/release/ | TEMPLATE | 0ms | 0 | OK
2026-08-20 12:58:51,484 REQ-633B40 | /rowlock/release/ | TOTAL | 2026ms | 3 | SLOW
2026-08-20 13:26:05,970 REQ-9D6E20 | /jig_unloading/JigUnloading_Completedtable/ | MIDDLEWARE_AUTH | 3ms | 0 | OK
2026-08-20 13:26:05,970 REQ-9D6E20 | /jig_unloading/JigUnloading_Completedtable/ | DB | 22ms | 9 | OK
2026-08-20 13:26:05,970 REQ-9D6E20 | /jig_unloading/JigUnloading_Completedtable/ | VIEW | 1224ms | 9 | SLOW
2026-08-20 13:26:05,970 REQ-9D6E20 | /jig_unloading/JigUnloading_Completedtable/ | MW_MODULE_ACCESS | 1323ms | 0 | SLOW
2026-08-20 13:26:05,970 REQ-9D6E20 | /jig_unloading/JigUnloading_Completedtable/ | TEMPLATE | 77ms | 0 | OK
2026-08-20 13:26:05,970 REQ-9D6E20 | /jig_unloading/JigUnloading_Completedtable/ | TOTAL | 1325ms | 9 | SLOW
2026-08-21 11:05:44,243 REQ-1FABB6 | /accounts/login/ | MIDDLEWARE_AUTH | 0ms | 0 | OK
2026-08-21 11:05:44,243 REQ-1FABB6 | /accounts/login/ | DB | 53ms | 16 | OK
2026-08-21 11:05:44,243 REQ-1FABB6 | /accounts/login/ | VIEW | 5747ms | 16 | CRITICAL
2026-08-21 11:05:44,243 REQ-1FABB6 | /accounts/login/ | MW_MODULE_ACCESS | 5799ms | 0 | CRITICAL
2026-08-21 11:05:44,243 REQ-1FABB6 | /accounts/login/ | TEMPLATE | 0ms | 0 | OK
2026-08-21 11:05:44,243 REQ-1FABB6 | /accounts/login/ | TOTAL | 5800ms | 16 | CRITICAL
