2026-06-25 13:46:05,427 INFO security OTP_GENERATED
2026-06-25 13:46:05,457 INFO security OTP_SESSION_HASH_UPDATED: user_id=1437 otp_version=1
2026-06-25 13:48:16,973 INFO security OTP_GENERATED
2026-06-25 13:48:19,271 INFO security OTP_SESSION_HASH_UPDATED: user_id=1437 otp_version=1
2026-06-25 14:18:48,152 INFO security OTP_GENERATED
2026-06-25 14:18:48,878 INFO security OTP_SESSION_HASH_UPDATED: user_id=1437 otp_version=1
2026-06-25 14:19:51,968 INFO security OTP_GENERATED
2026-06-25 14:19:52,014 INFO security OTP_SESSION_HASH_UPDATED: user_id=1437 otp_version=1
2026-06-25 15:09:43,857 INFO security OTP_GENERATED
2026-06-25 15:09:44,693 INFO security OTP_SESSION_HASH_UPDATED: user_id=1440 otp_version=1
2026-06-25 15:11:50,374 INFO security OTP_GENERATED
2026-06-25 15:11:50,435 INFO security OTP_SESSION_HASH_UPDATED: user_id=1440 otp_version=1
2026-06-25 15:13:45,383 INFO security OTP_GENERATED
2026-06-25 15:13:45,430 INFO security OTP_SESSION_HASH_UPDATED: user_id=1440 otp_version=1
2026-07-06 10:11:32,100 WARNING security.auth LOGIN_FAILED: user=admin attempt=1/5 ip=127.0.0.1
2026-07-06 10:14:55,260 INFO security.auth LOGIN_FAILED_COUNTER_RESET: user=admin after successful login
2026-07-06 10:19:01,757 WARNING security.auth LOGIN_FAILED: user=admin attempt=1/5 ip=127.0.0.1
2026-07-06 10:21:08,469 INFO security.auth LOGIN_FAILED_COUNTER_RESET: user=admin after successful login
2026-07-07 16:05:02,382 WARNING security.auth LOGIN_FAILED: user=BrassUser1 attempt=1/5 ip=127.0.0.1
2026-07-07 16:05:36,328 INFO security.auth LOGIN_FAILED_COUNTER_RESET: user=BrassUser1 after successful login
2026-07-20 10:59:50,561 WARNING security.auth LOGIN_FAILED: user=admin attempt=1/5 ip=127.0.0.1
2026-07-20 10:59:54,966 INFO security.auth LOGIN_FAILED_COUNTER_RESET: user=admin after successful login
2026-07-21 22:19:56,097 INFO security.auth AUTH.LOGIN.SUCCESS: Login attempt succeeded path=/accounts/login/ details={'user_id': 1, 'username_hash': '8c6976e5b5410415', 'duration_ms': 474.141, 'created': True, 'authentication_backend': 'adminportal.auth_backends.AccountLockoutBackend'}
2026-07-21 22:42:32,390 INFO security.auth AUTH.LOGIN.SUCCESS: Login attempt succeeded path=/accounts/login/ details={'user_id': 1, 'username_hash': '8c6976e5b5410415', 'duration_ms': 6417.622, 'created': True, 'authentication_backend': 'adminportal.auth_backends.AccountLockoutBackend'}
2026-07-22 09:14:54,429 WARNING security.auth AUTH.LOGIN.FAILED: Login attempt failed path=/accounts/login/ details={'username_hash': '8ca8ef0e1b97cf95', 'reason_category': 'invalid_credentials', 'duration_ms': 143.414}
2026-07-22 09:15:03,490 INFO security.auth AUTH.LOGIN.SUCCESS: Login attempt succeeded path=/accounts/login/ details={'user_id': 1, 'username_hash': '8c6976e5b5410415', 'duration_ms': 166.318, 'created': True, 'authentication_backend': 'adminportal.auth_backends.AccountLockoutBackend'}
2026-07-22 09:15:20,243 INFO security.auth AUTH.LOGIN.SUCCESS: Login attempt succeeded path=/accounts/login/ details={'user_id': 1, 'username_hash': '8c6976e5b5410415', 'duration_ms': 175.972, 'created': True, 'authentication_backend': 'adminportal.auth_backends.AccountLockoutBackend'}
2026-07-22 09:31:45,903 WARNING security.auth AUTH.LOGIN.FAILED: Login attempt failed path=/accounts/login/ details={'username_hash': 'd972458b983c5497', 'reason_category': 'invalid_credentials', 'duration_ms': 660.328}
2026-07-22 09:39:19,819 WARNING security.auth AUTH.LOGIN.FAILED: Login attempt failed path=/accounts/login/ details={'username_hash': 'd972458b983c5497', 'reason_category': 'invalid_credentials', 'duration_ms': 149.233}
2026-07-22 09:41:40,791 WARNING security.auth AUTH.LOGIN.FAILED: Login attempt failed path=/accounts/login/ details={'username_hash': '7c991e3477e5d3cf', 'reason_category': 'invalid_credentials', 'duration_ms': 138.201}
2026-07-22 09:41:53,109 INFO security.auth AUTH.LOGIN.SUCCESS: Login attempt succeeded path=/accounts/login/ details={'user_id': 1, 'username_hash': '8c6976e5b5410415', 'duration_ms': 66.678, 'created': True, 'authentication_backend': 'adminportal.auth_backends.AccountLockoutBackend'}
2026-07-22 09:43:15,745 WARNING security.auth AUTH.LOGIN.FAILED: Login attempt failed path=/accounts/login/ details={'username_hash': '7c991e3477e5d3cf', 'reason_category': 'invalid_credentials', 'duration_ms': 141.57}
2026-07-22 09:46:24,934 INFO security.auth AUTH.LOGIN.SUCCESS: Login attempt succeeded path=/accounts/login/ details={'user_id': 1445, 'username_hash': 'f153683d3b1aafad', 'duration_ms': 47.152, 'created': True, 'authentication_backend': 'adminportal.auth_backends.AccountLockoutBackend'}
2026-07-22 09:47:46,255 INFO security.auth AUTH.LOGIN.SUCCESS: Login attempt succeeded path=/accounts/login/ details={'user_id': 1444, 'username_hash': 'd972458b983c5497', 'duration_ms': 976.399, 'created': True, 'authentication_backend': 'adminportal.auth_backends.AccountLockoutBackend'}
2026-07-22 09:48:01,658 WARNING security.auth AUTH.LOGIN.FAILED: Login attempt failed path=/accounts/login/ details={'username_hash': '46eb481647a8af69', 'reason_category': 'invalid_credentials', 'duration_ms': 7309.189}
2026-07-22 09:48:25,609 WARNING security.auth AUTH.LOGIN.FAILED: Login attempt failed path=/accounts/login/ details={'username_hash': '041b78853ac2e09e', 'reason_category': 'invalid_credentials', 'duration_ms': 588.202}
2026-07-22 09:49:12,242 INFO security.auth AUTH.LOGIN.SUCCESS: Login attempt succeeded path=/accounts/login/ details={'user_id': 1444, 'username_hash': 'd972458b983c5497', 'duration_ms': 55.95, 'created': True, 'authentication_backend': 'adminportal.auth_backends.AccountLockoutBackend'}
2026-07-22 09:49:30,375 INFO security.auth AUTH.LOGIN.SUCCESS: Login attempt succeeded path=/accounts/login/ details={'user_id': 1444, 'username_hash': 'd972458b983c5497', 'duration_ms': 163.173, 'created': True, 'authentication_backend': 'adminportal.auth_backends.AccountLockoutBackend'}
2026-07-22 09:52:05,325 INFO security.auth AUTH.LOGIN.SUCCESS: Login attempt succeeded path=/accounts/login/ details={'user_id': 1, 'username_hash': '8c6976e5b5410415', 'duration_ms': 66.92, 'created': True, 'authentication_backend': 'adminportal.auth_backends.AccountLockoutBackend'}
2026-07-22 09:54:06,823 INFO security.auth AUTH.LOGIN.SUCCESS: Login attempt succeeded path=/accounts/login/ details={'user_id': 1, 'username_hash': '8c6976e5b5410415', 'duration_ms': 154.108, 'created': True, 'authentication_backend': 'adminportal.auth_backends.AccountLockoutBackend'}
2026-07-22 10:02:49,538 WARNING security.auth AUTH.LOGIN.FAILED: Login attempt failed path=/accounts/login/ details={'username_hash': '7c991e3477e5d3cf', 'reason_category': 'invalid_credentials', 'duration_ms': 43.048}
2026-07-22 10:03:19,356 WARNING security.auth AUTH.LOGIN.FAILED: Login attempt failed path=/accounts/login/ details={'username_hash': '46eb481647a8af69', 'reason_category': 'invalid_credentials', 'duration_ms': 37.444}
2026-07-22 10:03:59,436 WARNING security.auth AUTH.LOGIN.FAILED: Login attempt failed path=/accounts/login/ details={'username_hash': '66c433382701dc83', 'reason_category': 'invalid_credentials', 'duration_ms': 145.855}
2026-07-22 10:04:18,908 INFO security.auth AUTH.LOGIN.SUCCESS: Login attempt succeeded path=/accounts/login/ details={'user_id': 1444, 'username_hash': 'd972458b983c5497', 'duration_ms': 172.719, 'created': True, 'authentication_backend': 'adminportal.auth_backends.AccountLockoutBackend'}
2026-07-22 12:53:56,019 INFO security.auth AUTH.LOGIN.SUCCESS: Login attempt succeeded path=/accounts/login/ details={'user_id': 1, 'username_hash': '8c6976e5b5410415', 'duration_ms': 156.615, 'created': True, 'authentication_backend': 'adminportal.auth_backends.AccountLockoutBackend'}
2026-07-22 14:18:25,503 INFO security.auth AUTH.LOGIN.SUCCESS: Login attempt succeeded path=/accounts/login/ details={'user_id': 1, 'username_hash': '8c6976e5b5410415', 'duration_ms': 149.973, 'created': True, 'authentication_backend': 'adminportal.auth_backends.AccountLockoutBackend'}
2026-07-22 14:36:52,932 INFO security.auth AUTH.LOGIN.SUCCESS: Login attempt succeeded path=/accounts/login/ details={'user_id': 1445, 'username_hash': 'f153683d3b1aafad', 'duration_ms': 20926.435, 'created': True, 'authentication_backend': 'adminportal.auth_backends.AccountLockoutBackend'}
2026-07-22 14:49:33,466 INFO security.auth AUTH.LOGIN.SUCCESS: Login attempt succeeded path=/accounts/login/ details={'user_id': 1, 'username_hash': '8c6976e5b5410415', 'duration_ms': 168.818, 'created': True, 'authentication_backend': 'adminportal.auth_backends.AccountLockoutBackend'}
2026-07-22 16:02:37,579 INFO security.auth AUTH.LOGIN.SUCCESS: Login attempt succeeded path=/accounts/login/ details={'user_id': 1, 'username_hash': '8c6976e5b5410415', 'duration_ms': 161.732, 'created': True, 'authentication_backend': 'adminportal.auth_backends.AccountLockoutBackend'}
2026-07-22 16:26:24,602 INFO security.auth AUTH.LOGIN.SUCCESS: Login attempt succeeded path=/accounts/login/ details={'user_id': 1, 'username_hash': '8c6976e5b5410415', 'duration_ms': 63.525, 'created': True, 'authentication_backend': 'adminportal.auth_backends.AccountLockoutBackend'}
2026-07-22 16:45:49,164 INFO security.auth AUTH.LOGIN.SUCCESS: Login attempt succeeded path=/accounts/login/ details={'user_id': 1, 'username_hash': '8c6976e5b5410415', 'duration_ms': 173.378, 'created': True, 'authentication_backend': 'adminportal.auth_backends.AccountLockoutBackend'}
2026-07-23 10:19:01,250 INFO security.auth AUTH.LOGIN.SUCCESS: Login attempt succeeded path=/accounts/login/ details={'user_id': 1445, 'username_hash': 'f153683d3b1aafad', 'duration_ms': 19479.685, 'created': True, 'authentication_backend': 'adminportal.auth_backends.AccountLockoutBackend'}
2026-07-23 10:41:01,728 INFO security.auth AUTH.LOGIN.SUCCESS: Login attempt succeeded path=/accounts/login/ details={'user_id': 1445, 'username_hash': 'f153683d3b1aafad', 'duration_ms': 33155.197, 'created': True, 'authentication_backend': 'adminportal.auth_backends.AccountLockoutBackend'}
2026-07-23 13:13:13,059 INFO security.auth AUTH.LOGIN.SUCCESS: Login attempt succeeded path=/accounts/login/ details={'user_id': 1, 'username_hash': '8c6976e5b5410415', 'duration_ms': 13483.792, 'created': True, 'authentication_backend': 'adminportal.auth_backends.AccountLockoutBackend'}
2026-07-23 14:14:42,747 INFO security.auth AUTH.LOGIN.SUCCESS: Login attempt succeeded path=/accounts/login/ details={'user_id': 1, 'username_hash': '8c6976e5b5410415', 'duration_ms': 54.976, 'created': True, 'authentication_backend': 'adminportal.auth_backends.AccountLockoutBackend'}
2026-07-23 14:42:52,887 INFO security.auth AUTH.LOGIN.SUCCESS: Login attempt succeeded path=/accounts/login/ details={'user_id': 1445, 'username_hash': 'f153683d3b1aafad', 'duration_ms': 448.507, 'created': False, 'authentication_backend': 'adminportal.auth_backends.AccountLockoutBackend'}
2026-07-23 15:12:17,355 WARNING security.auth AUTH.LOGIN.FAILED: Login attempt failed path=/accounts/login/ details={'username_hash': '8c6976e5b5410415', 'reason_category': 'invalid_credentials', 'duration_ms': 205.931}
2026-07-23 15:12:41,629 INFO security.auth AUTH.LOGIN.SUCCESS: Login attempt succeeded path=/accounts/login/ details={'user_id': 1, 'username_hash': '8c6976e5b5410415', 'duration_ms': 50.92, 'created': True, 'authentication_backend': 'adminportal.auth_backends.AccountLockoutBackend'}
2026-07-23 16:34:17,878 INFO security.auth AUTH.LOGIN.SUCCESS: Login attempt succeeded path=/accounts/login/ details={'user_id': 1, 'username_hash': '8c6976e5b5410415', 'duration_ms': 8013.195, 'created': True, 'authentication_backend': 'adminportal.auth_backends.AccountLockoutBackend'}
2026-07-23 16:46:30,675 INFO security.auth AUTH.LOGIN.SUCCESS: Login attempt succeeded path=/accounts/login/ details={'user_id': 1, 'username_hash': '8c6976e5b5410415', 'duration_ms': 169.278, 'created': True, 'authentication_backend': 'adminportal.auth_backends.AccountLockoutBackend'}
2026-07-23 16:59:14,816 INFO security.auth AUTH.LOGIN.SUCCESS: Login attempt succeeded path=/accounts/login/ details={'user_id': 1, 'username_hash': '8c6976e5b5410415', 'duration_ms': 673.541, 'created': True, 'authentication_backend': 'adminportal.auth_backends.AccountLockoutBackend'}
2026-07-23 17:00:11,355 INFO security.auth AUTH.LOGIN.SUCCESS: Login attempt succeeded path=/accounts/login/ details={'user_id': 1, 'username_hash': '8c6976e5b5410415', 'duration_ms': 167.564, 'created': True, 'authentication_backend': 'adminportal.auth_backends.AccountLockoutBackend'}
2026-07-23 17:07:56,353 INFO security.auth AUTH.LOGIN.SUCCESS: Login attempt succeeded path=/accounts/login/ details={'user_id': 1, 'username_hash': '8c6976e5b5410415', 'duration_ms': 1614.989, 'created': True, 'authentication_backend': 'adminportal.auth_backends.AccountLockoutBackend'}
2026-07-23 21:21:29,040 INFO security.auth AUTH.LOGIN.SUCCESS: Login attempt succeeded path=/accounts/login/ details={'user_id': 1, 'username_hash': '8c6976e5b5410415', 'duration_ms': 1299.134, 'created': True, 'authentication_backend': 'adminportal.auth_backends.AccountLockoutBackend'}
2026-07-23 23:00:17,513 INFO security.auth AUTH.LOGIN.SUCCESS: Login attempt succeeded path=/accounts/login/ details={'user_id': 1, 'username_hash': '8c6976e5b5410415', 'duration_ms': 438.747, 'created': True, 'authentication_backend': 'adminportal.auth_backends.AccountLockoutBackend'}
2026-07-23 23:15:24,165 INFO security.auth AUTH.LOGIN.SUCCESS: Login attempt succeeded path=/accounts/login/ details={'user_id': 1, 'username_hash': '8c6976e5b5410415', 'duration_ms': 62.633, 'created': True, 'authentication_backend': 'adminportal.auth_backends.AccountLockoutBackend'}
2026-07-24 08:28:18,644 INFO security.auth AUTH.LOGIN.SUCCESS: Login attempt succeeded path=/accounts/login/ details={'user_id': 1, 'username_hash': '8c6976e5b5410415', 'duration_ms': 499.996, 'created': True, 'authentication_backend': 'adminportal.auth_backends.AccountLockoutBackend'}
2026-07-24 08:33:27,374 INFO security.auth AUTH.LOGIN.SUCCESS: Login attempt succeeded path=/accounts/login/ details={'user_id': 1, 'username_hash': '8c6976e5b5410415', 'duration_ms': 3860.492, 'created': True, 'authentication_backend': 'adminportal.auth_backends.AccountLockoutBackend'}
2026-07-24 08:56:20,265 INFO security.auth AUTH.LOGIN.SUCCESS: Login attempt succeeded path=/accounts/login/ details={'user_id': 1, 'username_hash': '8c6976e5b5410415', 'duration_ms': 940.367, 'created': True, 'authentication_backend': 'adminportal.auth_backends.AccountLockoutBackend'}
2026-07-24 09:49:09,210 INFO security.auth AUTH.LOGIN.SUCCESS: Login attempt succeeded path=/accounts/login/ details={'user_id': 1, 'username_hash': '8c6976e5b5410415', 'duration_ms': 378.885, 'created': True, 'authentication_backend': 'adminportal.auth_backends.AccountLockoutBackend'}
2026-07-24 13:21:55,391 INFO security.auth AUTH.LOGIN.SUCCESS: Login attempt succeeded path=/accounts/login/ details={'user_id': 1445, 'username_hash': 'f153683d3b1aafad', 'duration_ms': 410.669, 'created': True, 'authentication_backend': 'adminportal.auth_backends.AccountLockoutBackend'}
2026-07-24 13:34:20,806 INFO security.auth AUTH.LOGIN.SUCCESS: Login attempt succeeded path=/accounts/login/ details={'user_id': 1445, 'username_hash': 'f153683d3b1aafad', 'duration_ms': 77.642, 'created': True, 'authentication_backend': 'adminportal.auth_backends.AccountLockoutBackend'}
2026-07-24 14:07:05,753 INFO security.auth AUTH.LOGIN.SUCCESS: Login attempt succeeded path=/accounts/login/ details={'user_id': 1445, 'username_hash': 'f153683d3b1aafad', 'duration_ms': 70.549, 'created': True, 'authentication_backend': 'adminportal.auth_backends.AccountLockoutBackend'}
2026-07-24 14:39:55,755 INFO security.auth AUTH.LOGIN.SUCCESS: Login attempt succeeded path=/accounts/login/ details={'user_id': 1, 'username_hash': '8c6976e5b5410415', 'duration_ms': 178.042, 'created': True, 'authentication_backend': 'adminportal.auth_backends.AccountLockoutBackend'}
2026-07-24 16:11:03,750 INFO security.auth AUTH.LOGIN.SUCCESS: Login attempt succeeded path=/accounts/login/ details={'user_id': 1, 'username_hash': '8c6976e5b5410415', 'duration_ms': 327.876, 'created': False, 'authentication_backend': 'adminportal.auth_backends.AccountLockoutBackend'}
2026-07-24 16:19:12,980 INFO security.auth AUTH.LOGIN.SUCCESS: Login attempt succeeded path=/accounts/login/ details={'user_id': 1, 'username_hash': '8c6976e5b5410415', 'duration_ms': 160.055, 'created': True, 'authentication_backend': 'adminportal.auth_backends.AccountLockoutBackend'}
2026-07-24 16:32:40,133 INFO security.auth AUTH.LOGIN.SUCCESS: Login attempt succeeded path=/accounts/login/ details={'user_id': 1, 'username_hash': '8c6976e5b5410415', 'duration_ms': 51.116, 'created': True, 'authentication_backend': 'adminportal.auth_backends.AccountLockoutBackend'}
2026-07-24 17:55:46,748 INFO security.auth AUTH.LOGIN.SUCCESS: Login attempt succeeded path=/accounts/login/ details={'user_id': 1, 'username_hash': '8c6976e5b5410415', 'duration_ms': 64.649, 'created': True, 'authentication_backend': 'adminportal.auth_backends.AccountLockoutBackend'}
2026-07-24 19:38:05,277 INFO security.auth AUTH.LOGIN.SUCCESS: Login attempt succeeded path=/accounts/login/ details={'user_id': 1, 'username_hash': '8c6976e5b5410415', 'duration_ms': 52.973, 'created': True, 'authentication_backend': 'adminportal.auth_backends.AccountLockoutBackend'}
2026-07-24 20:13:36,661 INFO security.auth AUTH.LOGIN.SUCCESS: Login attempt succeeded path=/accounts/login/ details={'user_id': 1, 'username_hash': '8c6976e5b5410415', 'duration_ms': 571.994, 'created': True, 'authentication_backend': 'adminportal.auth_backends.AccountLockoutBackend'}
2026-07-26 23:00:21,906 INFO security.auth AUTH.LOGIN.SUCCESS: Login attempt succeeded path=/accounts/login/ details={'user_id': 1, 'username_hash': '8c6976e5b5410415', 'duration_ms': 3143.9, 'created': True, 'authentication_backend': 'adminportal.auth_backends.AccountLockoutBackend'}
2026-07-27 09:57:56,845 INFO security.auth AUTH.LOGIN.SUCCESS: Login attempt succeeded path=/accounts/login/ details={'user_id': 1, 'username_hash': '8c6976e5b5410415', 'duration_ms': 4468.361, 'created': True, 'authentication_backend': 'adminportal.auth_backends.AccountLockoutBackend'}
2026-07-27 11:39:10,582 INFO security.auth AUTH.LOGIN.SUCCESS: Login attempt succeeded path=/accounts/login/ details={'user_id': 1, 'username_hash': '8c6976e5b5410415', 'duration_ms': 263.993, 'created': True, 'authentication_backend': 'adminportal.auth_backends.AccountLockoutBackend'}
2026-07-27 12:38:06,850 INFO security.auth AUTH.LOGIN.SUCCESS: Login attempt succeeded path=/accounts/login/ details={'user_id': 1, 'username_hash': '8c6976e5b5410415', 'duration_ms': 561.803, 'created': True, 'authentication_backend': 'adminportal.auth_backends.AccountLockoutBackend'}
2026-07-27 12:48:10,404 INFO security.auth AUTH.LOGIN.SUCCESS: Login attempt succeeded path=/accounts/login/ details={'user_id': 1, 'username_hash': '8c6976e5b5410415', 'duration_ms': 50.571, 'created': True, 'authentication_backend': 'adminportal.auth_backends.AccountLockoutBackend'}
2026-07-27 13:31:10,578 INFO security.auth AUTH.LOGIN.SUCCESS: Login attempt succeeded path=/accounts/login/ details={'user_id': 1, 'username_hash': '8c6976e5b5410415', 'duration_ms': 523.631, 'created': True, 'authentication_backend': 'adminportal.auth_backends.AccountLockoutBackend'}
2026-07-27 13:37:34,801 INFO security.auth AUTH.LOGIN.SUCCESS: Login attempt succeeded path=/accounts/login/ details={'user_id': 1, 'username_hash': '8c6976e5b5410415', 'duration_ms': 65.513, 'created': True, 'authentication_backend': 'adminportal.auth_backends.AccountLockoutBackend'}
2026-07-27 14:56:42,293 INFO security.auth AUTH.LOGIN.SUCCESS: Login attempt succeeded path=/accounts/login/ details={'user_id': 1, 'username_hash': '8c6976e5b5410415', 'duration_ms': 192.017, 'created': True, 'authentication_backend': 'adminportal.auth_backends.AccountLockoutBackend'}
2026-07-27 15:02:51,206 INFO security.auth AUTH.LOGIN.SUCCESS: Login attempt succeeded path=/accounts/login/ details={'user_id': 1, 'username_hash': '8c6976e5b5410415', 'duration_ms': 64.456, 'created': True, 'authentication_backend': 'adminportal.auth_backends.AccountLockoutBackend'}
2026-07-27 16:13:49,308 INFO security.auth AUTH.LOGIN.SUCCESS: Login attempt succeeded path=/accounts/login/ details={'user_id': 1, 'username_hash': '8c6976e5b5410415', 'duration_ms': 402.442, 'created': True, 'authentication_backend': 'adminportal.auth_backends.AccountLockoutBackend'}
2026-07-27 16:15:51,890 INFO security.auth AUTH.LOGIN.SUCCESS: Login attempt succeeded path=/accounts/login/ details={'user_id': 1, 'username_hash': '8c6976e5b5410415', 'duration_ms': 153.473, 'created': True, 'authentication_backend': 'adminportal.auth_backends.AccountLockoutBackend'}
2026-07-27 16:17:23,989 INFO security.auth AUTH.LOGIN.SUCCESS: Login attempt succeeded path=/accounts/login/ details={'user_id': 1, 'username_hash': '8c6976e5b5410415', 'duration_ms': 48.783, 'created': True, 'authentication_backend': 'adminportal.auth_backends.AccountLockoutBackend'}
2026-07-27 16:18:03,683 INFO security.auth AUTH.LOGIN.SUCCESS: Login attempt succeeded path=/accounts/login/ details={'user_id': 1, 'username_hash': '8c6976e5b5410415', 'duration_ms': 144.98, 'created': True, 'authentication_backend': 'adminportal.auth_backends.AccountLockoutBackend'}
2026-07-27 16:19:09,270 INFO security.auth AUTH.LOGIN.SUCCESS: Login attempt succeeded path=/accounts/login/ details={'user_id': 1, 'username_hash': '8c6976e5b5410415', 'duration_ms': 155.0, 'created': True, 'authentication_backend': 'adminportal.auth_backends.AccountLockoutBackend'}
2026-07-27 16:34:47,845 INFO security.auth AUTH.LOGIN.SUCCESS: Login attempt succeeded path=/accounts/login/ details={'user_id': 1, 'username_hash': '8c6976e5b5410415', 'duration_ms': 162.813, 'created': True, 'authentication_backend': 'adminportal.auth_backends.AccountLockoutBackend'}
2026-07-27 17:49:22,171 INFO security.auth AUTH.LOGIN.SUCCESS: Login attempt succeeded path=/accounts/login/ details={'user_id': 1, 'username_hash': '8c6976e5b5410415', 'duration_ms': 252.767, 'created': True, 'authentication_backend': 'adminportal.auth_backends.AccountLockoutBackend'}
2026-07-27 18:39:13,637 INFO security.auth AUTH.LOGIN.SUCCESS: Login attempt succeeded path=/accounts/login/ details={'user_id': 1, 'username_hash': '8c6976e5b5410415', 'duration_ms': 432.653, 'created': True, 'authentication_backend': 'adminportal.auth_backends.AccountLockoutBackend'}
2026-07-27 21:34:58,532 INFO security.auth AUTH.LOGIN.SUCCESS: Login attempt succeeded path=/accounts/login/ details={'user_id': 1, 'username_hash': '8c6976e5b5410415', 'duration_ms': 483.123, 'created': True, 'authentication_backend': 'adminportal.auth_backends.AccountLockoutBackend'}
2026-07-28 08:57:16,068 WARNING security.auth AUTH.LOGIN.FAILED: Login attempt failed path=/accounts/login/ details={'username_hash': '', 'reason_category': 'invalid_credentials', 'duration_ms': 0.595}
2026-07-28 08:57:23,046 INFO security.auth AUTH.LOGIN.SUCCESS: Login attempt succeeded path=/accounts/login/ details={'user_id': 1, 'username_hash': '8c6976e5b5410415', 'duration_ms': 167.21, 'created': True, 'authentication_backend': 'adminportal.auth_backends.AccountLockoutBackend'}
2026-07-28 10:57:10,162 INFO security.auth AUTH.LOGIN.SUCCESS: Login attempt succeeded path=/accounts/login/ details={'user_id': 1445, 'username_hash': 'f153683d3b1aafad', 'duration_ms': 431.85, 'created': True, 'authentication_backend': 'adminportal.auth_backends.AccountLockoutBackend'}
2026-07-28 11:21:10,516 INFO security.auth AUTH.LOGIN.SUCCESS: Login attempt succeeded path=/accounts/login/ details={'user_id': 1445, 'username_hash': 'f153683d3b1aafad', 'duration_ms': 55.176, 'created': True, 'authentication_backend': 'adminportal.auth_backends.AccountLockoutBackend'}
2026-07-28 12:38:42,831 INFO security.auth AUTH.LOGIN.SUCCESS: Login attempt succeeded path=/accounts/login/ details={'user_id': 1, 'username_hash': '8c6976e5b5410415', 'duration_ms': 52.68, 'created': True, 'authentication_backend': 'adminportal.auth_backends.AccountLockoutBackend'}
2026-07-28 12:55:39,611 INFO security.auth AUTH.LOGIN.SUCCESS: Login attempt succeeded path=/accounts/login/ details={'user_id': 1, 'username_hash': '8c6976e5b5410415', 'duration_ms': 172.664, 'created': True, 'authentication_backend': 'adminportal.auth_backends.AccountLockoutBackend'}
2026-07-28 14:58:02,771 INFO security.auth AUTH.LOGIN.SUCCESS: Login attempt succeeded path=/accounts/login/ details={'user_id': 1445, 'username_hash': 'f153683d3b1aafad', 'duration_ms': 1001.305, 'created': True, 'authentication_backend': 'adminportal.auth_backends.AccountLockoutBackend'}
2026-07-28 15:06:31,142 INFO security.auth AUTH.LOGIN.SUCCESS: Login attempt succeeded path=/accounts/login/ details={'user_id': 1445, 'username_hash': 'f153683d3b1aafad', 'duration_ms': 685.842, 'created': True, 'authentication_backend': 'adminportal.auth_backends.AccountLockoutBackend'}
2026-07-28 15:38:31,461 INFO security.auth AUTH.LOGIN.SUCCESS: Login attempt succeeded path=/accounts/login/ details={'user_id': 1445, 'username_hash': 'f153683d3b1aafad', 'duration_ms': 570.979, 'created': True, 'authentication_backend': 'adminportal.auth_backends.AccountLockoutBackend'}
2026-07-29 09:19:25,296 INFO security.auth AUTH.LOGIN.SUCCESS: Login attempt succeeded path=/accounts/login/ details={'user_id': 1, 'username_hash': '8c6976e5b5410415', 'duration_ms': 185.565, 'created': True, 'authentication_backend': 'adminportal.auth_backends.AccountLockoutBackend'}
2026-07-29 09:21:50,801 WARNING security.auth AUTH.LOGIN.FAILED: Login attempt failed path=/accounts/login/ details={'username_hash': '8c6976e5b5410415', 'reason_category': 'invalid_credentials', 'duration_ms': 134.228}
2026-07-29 09:22:07,772 INFO security.auth AUTH.LOGIN.SUCCESS: Login attempt succeeded path=/accounts/login/ details={'user_id': 1, 'username_hash': '8c6976e5b5410415', 'duration_ms': 160.917, 'created': True, 'authentication_backend': 'adminportal.auth_backends.AccountLockoutBackend'}
2026-07-29 09:46:03,656 INFO security.auth AUTH.LOGIN.SUCCESS: Login attempt succeeded path=/accounts/login/ details={'user_id': 1, 'username_hash': '8c6976e5b5410415', 'duration_ms': 159.931, 'created': True, 'authentication_backend': 'adminportal.auth_backends.AccountLockoutBackend'}
2026-07-29 09:46:23,663 INFO security.auth AUTH.LOGIN.SUCCESS: Login attempt succeeded path=/accounts/login/ details={'user_id': 1, 'username_hash': '8c6976e5b5410415', 'duration_ms': 158.744, 'created': True, 'authentication_backend': 'adminportal.auth_backends.AccountLockoutBackend'}
2026-07-29 09:46:51,587 INFO security.auth AUTH.LOGIN.SUCCESS: Login attempt succeeded path=/accounts/login/ details={'user_id': 1, 'username_hash': '8c6976e5b5410415', 'duration_ms': 52.549, 'created': True, 'authentication_backend': 'adminportal.auth_backends.AccountLockoutBackend'}
2026-07-29 09:58:02,150 INFO security.auth AUTH.LOGIN.SUCCESS: Login attempt succeeded path=/accounts/login/ details={'user_id': 1, 'username_hash': '8c6976e5b5410415', 'duration_ms': 155.51, 'created': True, 'authentication_backend': 'adminportal.auth_backends.AccountLockoutBackend'}
2026-07-29 10:14:56,490 INFO security.auth AUTH.LOGIN.SUCCESS: Login attempt succeeded path=/accounts/login/ details={'user_id': 1, 'username_hash': '8c6976e5b5410415', 'duration_ms': 148.686, 'created': True, 'authentication_backend': 'adminportal.auth_backends.AccountLockoutBackend'}
2026-07-29 10:16:45,657 INFO security.auth AUTH.LOGIN.SUCCESS: Login attempt succeeded path=/accounts/login/ details={'user_id': 1, 'username_hash': '8c6976e5b5410415', 'duration_ms': 159.122, 'created': True, 'authentication_backend': 'adminportal.auth_backends.AccountLockoutBackend'}
2026-07-29 10:25:43,086 INFO security.auth AUTH.LOGIN.SUCCESS: Login attempt succeeded path=/accounts/login/ details={'user_id': 1445, 'username_hash': 'f153683d3b1aafad', 'duration_ms': 371.298, 'created': True, 'authentication_backend': 'adminportal.auth_backends.AccountLockoutBackend'}
2026-07-29 10:27:20,197 INFO security.auth AUTH.LOGIN.SUCCESS: Login attempt succeeded path=/accounts/login/ details={'user_id': 1, 'username_hash': '8c6976e5b5410415', 'duration_ms': 54.561, 'created': True, 'authentication_backend': 'adminportal.auth_backends.AccountLockoutBackend'}
2026-07-29 10:40:05,549 WARNING security.auth LOGIN_FAILED: user=Athif attempt=1/5 ip=127.0.0.1
2026-07-29 10:40:05,549 WARNING security.auth AUTH.LOGIN.FAILED: Login attempt failed path=/accounts/login/ details={'username_hash': 'd972458b983c5497', 'reason_category': 'invalid_credentials', 'duration_ms': 175.218}
2026-07-29 10:40:12,154 WARNING security.auth LOGIN_FAILED: user=Athif attempt=2/5 ip=127.0.0.1
2026-07-29 10:40:12,154 WARNING security.auth LOGIN_CAPTCHA_DISABLED_NOT_CONFIGURED: username=Athif attempts=2 threshold=2
2026-07-29 10:40:12,154 WARNING security.auth LOGIN_CAPTCHA_DISABLED_NOT_CONFIGURED: username=Athif attempts=2 threshold=2
2026-07-29 10:40:12,154 WARNING security.auth AUTH.LOGIN.FAILED: Login attempt failed path=/accounts/login/ details={'username_hash': 'd972458b983c5497', 'reason_category': 'invalid_credentials', 'duration_ms': 153.633}
2026-07-29 10:40:17,849 WARNING security.auth LOGIN_CAPTCHA_DISABLED_NOT_CONFIGURED: username=Athif attempts=2 threshold=2
2026-07-29 10:40:17,896 WARNING security.auth LOGIN_FAILED: user=Athif attempt=3/5 ip=127.0.0.1
2026-07-29 10:40:17,896 WARNING security.auth LOGIN_CAPTCHA_DISABLED_NOT_CONFIGURED: username=Athif attempts=3 threshold=2
2026-07-29 10:40:17,912 WARNING security.auth LOGIN_CAPTCHA_DISABLED_NOT_CONFIGURED: username=Athif attempts=3 threshold=2
2026-07-29 10:40:17,912 WARNING security.auth AUTH.LOGIN.FAILED: Login attempt failed path=/accounts/login/ details={'username_hash': 'd972458b983c5497', 'reason_category': 'invalid_credentials', 'duration_ms': 154.239}
2026-07-29 10:41:22,034 WARNING security.auth LOGIN_CAPTCHA_DISABLED_NOT_CONFIGURED: username=Athif attempts=3 threshold=2
2026-07-29 10:41:22,065 INFO security.auth LOGIN_FAILED_COUNTER_RESET: user=Athif after successful login
2026-07-29 10:41:22,081 INFO security.auth AUTH.LOGIN.SUCCESS: Login attempt succeeded path=/accounts/login/ details={'user_id': 1444, 'username_hash': 'd972458b983c5497', 'duration_ms': 173.671, 'created': True, 'authentication_backend': 'adminportal.auth_backends.AccountLockoutBackend'}
2026-07-29 10:50:41,779 INFO security.auth AUTH.LOGIN.SUCCESS: Login attempt succeeded path=/accounts/login/ details={'user_id': 1444, 'username_hash': 'd972458b983c5497', 'duration_ms': 145.527, 'created': True, 'authentication_backend': 'adminportal.auth_backends.AccountLockoutBackend'}
2026-07-29 10:58:37,676 INFO security.auth AUTH.LOGIN.SUCCESS: Login attempt succeeded path=/accounts/login/ details={'user_id': 1, 'username_hash': '8c6976e5b5410415', 'duration_ms': 51.383, 'created': True, 'authentication_backend': 'adminportal.auth_backends.AccountLockoutBackend'}
2026-07-29 11:23:14,660 INFO security.auth AUTH.LOGIN.SUCCESS: Login attempt succeeded path=/accounts/login/ details={'user_id': 1, 'username_hash': '8c6976e5b5410415', 'duration_ms': 46.474, 'created': True, 'authentication_backend': 'adminportal.auth_backends.AccountLockoutBackend'}
2026-07-29 11:25:52,777 INFO security.auth AUTH.LOGIN.SUCCESS: Login attempt succeeded path=/accounts/login/ details={'user_id': 1445, 'username_hash': 'f153683d3b1aafad', 'duration_ms': 56.592, 'created': True, 'authentication_backend': 'adminportal.auth_backends.AccountLockoutBackend'}
2026-07-29 11:42:26,218 INFO security.auth AUTH.LOGIN.SUCCESS: Login attempt succeeded path=/accounts/login/ details={'user_id': 1445, 'username_hash': 'f153683d3b1aafad', 'duration_ms': 1488.595, 'created': True, 'authentication_backend': 'adminportal.auth_backends.AccountLockoutBackend'}
2026-07-29 14:59:49,483 INFO security.auth AUTH.LOGIN.SUCCESS: Login attempt succeeded path=/accounts/login/ details={'user_id': 1445, 'username_hash': 'f153683d3b1aafad', 'duration_ms': 30970.818, 'created': True, 'authentication_backend': 'adminportal.auth_backends.AccountLockoutBackend'}
2026-07-29 16:17:52,367 INFO security.auth AUTH.LOGIN.SUCCESS: Login attempt succeeded path=/accounts/login/ details={'user_id': 1, 'username_hash': '8c6976e5b5410415', 'duration_ms': 52.454, 'created': True, 'authentication_backend': 'adminportal.auth_backends.AccountLockoutBackend'}
2026-07-29 16:22:06,259 INFO security.auth AUTH.LOGIN.SUCCESS: Login attempt succeeded path=/accounts/login/ details={'user_id': 1444, 'username_hash': 'd972458b983c5497', 'duration_ms': 52.893, 'created': True, 'authentication_backend': 'adminportal.auth_backends.AccountLockoutBackend'}
2026-07-29 16:41:58,255 INFO security.auth AUTH.LOGIN.SUCCESS: Login attempt succeeded path=/accounts/login/ details={'user_id': 1444, 'username_hash': 'd972458b983c5497', 'duration_ms': 50.611, 'created': True, 'authentication_backend': 'adminportal.auth_backends.AccountLockoutBackend'}
2026-07-30 08:58:30,873 INFO security.auth AUTH.LOGIN.SUCCESS: Login attempt succeeded path=/accounts/login/ details={'user_id': 1, 'username_hash': '8c6976e5b5410415', 'duration_ms': 167.115, 'created': True, 'authentication_backend': 'adminportal.auth_backends.AccountLockoutBackend'}
2026-07-30 10:09:57,402 INFO security.auth AUTH.LOGIN.SUCCESS: Login attempt succeeded path=/accounts/login/ details={'user_id': 1445, 'username_hash': 'f153683d3b1aafad', 'duration_ms': 725.574, 'created': True, 'authentication_backend': 'adminportal.auth_backends.AccountLockoutBackend'}
2026-07-30 10:51:32,975 INFO security.auth AUTH.LOGIN.SUCCESS: Login attempt succeeded path=/accounts/login/ details={'user_id': 1445, 'username_hash': 'f153683d3b1aafad', 'duration_ms': 1282.068, 'created': True, 'authentication_backend': 'adminportal.auth_backends.AccountLockoutBackend'}
2026-07-30 12:14:19,766 INFO security.auth AUTH.LOGIN.SUCCESS: Login attempt succeeded path=/accounts/login/ details={'user_id': 1445, 'username_hash': 'f153683d3b1aafad', 'duration_ms': 363.229, 'created': True, 'authentication_backend': 'adminportal.auth_backends.AccountLockoutBackend'}
2026-07-30 12:23:24,524 INFO security.auth AUTH.LOGIN.SUCCESS: Login attempt succeeded path=/accounts/login/ details={'user_id': 1445, 'username_hash': 'f153683d3b1aafad', 'duration_ms': 55.434, 'created': True, 'authentication_backend': 'adminportal.auth_backends.AccountLockoutBackend'}
2026-07-30 12:28:02,159 INFO security.auth AUTH.LOGIN.SUCCESS: Login attempt succeeded path=/accounts/login/ details={'user_id': 1444, 'username_hash': 'd972458b983c5497', 'duration_ms': 52.913, 'created': True, 'authentication_backend': 'adminportal.auth_backends.AccountLockoutBackend'}
2026-07-30 12:48:14,719 INFO security.auth AUTH.LOGIN.SUCCESS: Login attempt succeeded path=/accounts/login/ details={'user_id': 1445, 'username_hash': 'f153683d3b1aafad', 'duration_ms': 56.39, 'created': True, 'authentication_backend': 'adminportal.auth_backends.AccountLockoutBackend'}
2026-07-30 15:01:07,352 INFO security.auth AUTH.LOGIN.SUCCESS: Login attempt succeeded path=/accounts/login/ details={'user_id': 1445, 'username_hash': 'f153683d3b1aafad', 'duration_ms': 715.609, 'created': True, 'authentication_backend': 'adminportal.auth_backends.AccountLockoutBackend'}
2026-07-30 15:10:18,071 INFO security.auth AUTH.LOGIN.SUCCESS: Login attempt succeeded path=/accounts/login/ details={'user_id': 1444, 'username_hash': 'd972458b983c5497', 'duration_ms': 51.546, 'created': True, 'authentication_backend': 'adminportal.auth_backends.AccountLockoutBackend'}
2026-07-30 15:37:13,154 INFO security.auth AUTH.LOGIN.SUCCESS: Login attempt succeeded path=/accounts/login/ details={'user_id': 1, 'username_hash': '8c6976e5b5410415', 'duration_ms': 153.783, 'created': True, 'authentication_backend': 'adminportal.auth_backends.AccountLockoutBackend'}
2026-07-30 15:44:57,992 INFO security.auth AUTH.LOGIN.SUCCESS: Login attempt succeeded path=/accounts/login/ details={'user_id': 1456, 'username_hash': 'abdd51f6940cea07', 'duration_ms': 52.677, 'created': True, 'authentication_backend': 'adminportal.auth_backends.AccountLockoutBackend'}
2026-07-30 15:46:12,238 INFO security.auth AUTH.LOGIN.SUCCESS: Login attempt succeeded path=/accounts/login/ details={'user_id': 1456, 'username_hash': 'abdd51f6940cea07', 'duration_ms': 52.787, 'created': True, 'authentication_backend': 'adminportal.auth_backends.AccountLockoutBackend'}
2026-07-30 15:48:12,551 INFO security.auth AUTH.LOGIN.SUCCESS: Login attempt succeeded path=/accounts/login/ details={'user_id': 1, 'username_hash': '8c6976e5b5410415', 'duration_ms': 54.077, 'created': True, 'authentication_backend': 'adminportal.auth_backends.AccountLockoutBackend'}
2026-07-30 15:51:48,350 INFO security.auth AUTH.LOGIN.SUCCESS: Login attempt succeeded path=/accounts/login/ details={'user_id': 1456, 'username_hash': 'abdd51f6940cea07', 'duration_ms': 53.13, 'created': True, 'authentication_backend': 'adminportal.auth_backends.AccountLockoutBackend'}
2026-07-30 15:52:06,588 INFO security.auth AUTH.LOGIN.SUCCESS: Login attempt succeeded path=/accounts/login/ details={'user_id': 1, 'username_hash': '8c6976e5b5410415', 'duration_ms': 148.919, 'created': True, 'authentication_backend': 'adminportal.auth_backends.AccountLockoutBackend'}
2026-07-30 16:12:45,896 INFO security.auth AUTH.LOGIN.SUCCESS: Login attempt succeeded path=/accounts/login/ details={'user_id': 1, 'username_hash': '8c6976e5b5410415', 'duration_ms': 54.061, 'created': True, 'authentication_backend': 'adminportal.auth_backends.AccountLockoutBackend'}
2026-07-30 16:50:52,345 INFO security.auth AUTH.LOGIN.SUCCESS: Login attempt succeeded path=/accounts/login/ details={'user_id': 1445, 'username_hash': 'f153683d3b1aafad', 'duration_ms': 479.379, 'created': True, 'authentication_backend': 'adminportal.auth_backends.AccountLockoutBackend'}
2026-07-30 20:17:13,766 INFO security.auth AUTH.LOGIN.SUCCESS: Login attempt succeeded path=/accounts/login/ details={'user_id': 1445, 'username_hash': 'f153683d3b1aafad', 'duration_ms': 12214.741, 'created': True, 'authentication_backend': 'adminportal.auth_backends.AccountLockoutBackend'}
2026-07-31 09:26:11,638 INFO security.auth AUTH.LOGIN.SUCCESS: Login attempt succeeded path=/accounts/login/ details={'user_id': 1444, 'username_hash': 'd972458b983c5497', 'duration_ms': 190.332, 'created': True, 'authentication_backend': 'adminportal.auth_backends.AccountLockoutBackend'}
2026-07-31 10:31:37,676 INFO security.auth AUTH.LOGIN.SUCCESS: Login attempt succeeded path=/accounts/login/ details={'user_id': 1, 'username_hash': '8c6976e5b5410415', 'duration_ms': 12538.275, 'created': True, 'authentication_backend': 'adminportal.auth_backends.AccountLockoutBackend'}
2026-07-31 11:08:56,167 INFO security.auth AUTH.LOGIN.SUCCESS: Login attempt succeeded path=/accounts/login/ details={'user_id': 1457, 'username_hash': '784edef5e2ea8bed', 'duration_ms': 2149.59, 'created': True, 'authentication_backend': 'adminportal.auth_backends.AccountLockoutBackend'}
2026-07-31 11:12:11,817 INFO security.auth AUTH.LOGIN.SUCCESS: Login attempt succeeded path=/accounts/login/ details={'user_id': 1, 'username_hash': '8c6976e5b5410415', 'duration_ms': 548.874, 'created': True, 'authentication_backend': 'adminportal.auth_backends.AccountLockoutBackend'}
2026-07-31 11:13:28,415 INFO security.auth AUTH.LOGIN.SUCCESS: Login attempt succeeded path=/accounts/login/ details={'user_id': 1457, 'username_hash': '784edef5e2ea8bed', 'duration_ms': 53.535, 'created': True, 'authentication_backend': 'adminportal.auth_backends.AccountLockoutBackend'}
2026-07-31 11:14:46,828 INFO security.auth AUTH.LOGIN.SUCCESS: Login attempt succeeded path=/accounts/login/ details={'user_id': 1, 'username_hash': '8c6976e5b5410415', 'duration_ms': 54.858, 'created': True, 'authentication_backend': 'adminportal.auth_backends.AccountLockoutBackend'}
2026-07-31 13:46:56,272 INFO security.auth AUTH.LOGIN.SUCCESS: Login attempt succeeded path=/accounts/login/ details={'user_id': 1, 'username_hash': '8c6976e5b5410415', 'duration_ms': 723.338, 'created': True, 'authentication_backend': 'adminportal.auth_backends.AccountLockoutBackend'}
2026-07-31 15:21:06,461 INFO security.auth AUTH.LOGIN.SUCCESS: Login attempt succeeded path=/accounts/login/ details={'user_id': 1, 'username_hash': '8c6976e5b5410415', 'duration_ms': 377.348, 'created': True, 'authentication_backend': 'adminportal.auth_backends.AccountLockoutBackend'}
2026-07-31 15:49:23,144 INFO security.auth AUTH.LOGIN.SUCCESS: Login attempt succeeded path=/accounts/login/ details={'user_id': 1, 'username_hash': '8c6976e5b5410415', 'duration_ms': 1571.212, 'created': True, 'authentication_backend': 'adminportal.auth_backends.AccountLockoutBackend'}
2026-07-31 16:51:58,687 INFO security.auth AUTH.LOGIN.SUCCESS: Login attempt succeeded path=/accounts/login/ details={'user_id': 1445, 'username_hash': 'f153683d3b1aafad', 'duration_ms': 1168.881, 'created': True, 'authentication_backend': 'adminportal.auth_backends.AccountLockoutBackend'}
2026-07-31 16:57:00,494 INFO security.auth AUTH.LOGIN.SUCCESS: Login attempt succeeded path=/accounts/login/ details={'user_id': 1444, 'username_hash': 'd972458b983c5497', 'duration_ms': 53.451, 'created': True, 'authentication_backend': 'adminportal.auth_backends.AccountLockoutBackend'}
2026-07-31 16:57:49,783 WARNING security.auth LOGIN_FAILED: user=admin attempt=1/5 ip=127.0.0.1
2026-07-31 16:57:49,783 WARNING security.auth AUTH.LOGIN.FAILED: Login attempt failed path=/accounts/login/ details={'username_hash': '8c6976e5b5410415', 'reason_category': 'invalid_credentials', 'duration_ms': 46.302}
2026-07-31 16:57:58,879 WARNING security.auth LOGIN_FAILED: user=admin attempt=2/5 ip=127.0.0.1
2026-07-31 16:57:58,881 WARNING security.auth LOGIN_CAPTCHA_DISABLED_NOT_CONFIGURED: username=admin attempts=2 threshold=2
2026-07-31 16:57:58,884 WARNING security.auth LOGIN_CAPTCHA_DISABLED_NOT_CONFIGURED: username=admin attempts=2 threshold=2
2026-07-31 16:57:58,885 WARNING security.auth AUTH.LOGIN.FAILED: Login attempt failed path=/accounts/login/ details={'username_hash': '8c6976e5b5410415', 'reason_category': 'invalid_credentials', 'duration_ms': 48.987}
2026-07-31 16:58:04,261 WARNING security.auth LOGIN_CAPTCHA_DISABLED_NOT_CONFIGURED: username=admin attempts=2 threshold=2
2026-07-31 16:58:04,300 INFO security.auth LOGIN_FAILED_COUNTER_RESET: user=admin after successful login
2026-07-31 16:58:04,324 INFO security.auth AUTH.LOGIN.SUCCESS: Login attempt succeeded path=/accounts/login/ details={'user_id': 1, 'username_hash': '8c6976e5b5410415', 'duration_ms': 68.576, 'created': True, 'authentication_backend': 'adminportal.auth_backends.AccountLockoutBackend'}
2026-07-31 16:59:07,267 INFO security.auth AUTH.LOGIN.SUCCESS: Login attempt succeeded path=/accounts/login/ details={'user_id': 1444, 'username_hash': 'd972458b983c5497', 'duration_ms': 229.138, 'created': True, 'authentication_backend': 'adminportal.auth_backends.AccountLockoutBackend'}
2026-08-03 12:41:55,451 INFO security.auth AUTH.LOGIN.SUCCESS: Login attempt succeeded path=/accounts/login/ details={'user_id': 1444, 'username_hash': 'd972458b983c5497', 'duration_ms': 476.945, 'created': True, 'authentication_backend': 'adminportal.auth_backends.AccountLockoutBackend'}
2026-08-03 14:34:09,259 WARNING security.auth AUTH.LOGIN.FAILED: Login attempt failed path=/accounts/login/ details={'username_hash': '3ef411623fc41f25', 'reason_category': 'invalid_credentials', 'duration_ms': 142.256}
2026-08-03 14:34:19,923 WARNING security.auth LOGIN_FAILED: user=admin attempt=1/5 ip=127.0.0.1
2026-08-03 14:34:19,923 WARNING security.auth AUTH.LOGIN.FAILED: Login attempt failed path=/accounts/login/ details={'username_hash': '8c6976e5b5410415', 'reason_category': 'invalid_credentials', 'duration_ms': 45.013}
2026-08-03 14:34:30,321 INFO security.auth LOGIN_FAILED_COUNTER_RESET: user=admin after successful login
2026-08-03 14:34:30,336 INFO security.auth AUTH.LOGIN.SUCCESS: Login attempt succeeded path=/accounts/login/ details={'user_id': 1, 'username_hash': '8c6976e5b5410415', 'duration_ms': 52.995, 'created': True, 'authentication_backend': 'adminportal.auth_backends.AccountLockoutBackend'}
2026-08-03 14:37:41,755 WARNING security.auth LOGIN_BLOCKED_ACTIVE_SESSION_ELSEWHERE: user=admin
2026-08-03 14:37:41,755 WARNING security.auth AUTH.LOGIN.BLOCKED: Login attempt blocked: account already active on another device path=/accounts/login/ details={'username_hash': '8c6976e5b5410415', 'duration_ms': 149.413}
2026-08-03 15:38:38,621 INFO security.auth AUTH.LOGIN.SUCCESS: Login attempt succeeded path=/accounts/login/ details={'user_id': 1444, 'username_hash': 'd972458b983c5497', 'duration_ms': 168.208, 'created': True, 'authentication_backend': 'adminportal.auth_backends.AccountLockoutBackend'}
2026-08-03 16:01:32,079 INFO security.auth AUTH.LOGIN.SUCCESS: Login attempt succeeded path=/accounts/login/ details={'user_id': 1444, 'username_hash': 'd972458b983c5497', 'duration_ms': 153.546, 'created': True, 'authentication_backend': 'adminportal.auth_backends.AccountLockoutBackend'}
2026-08-03 16:07:35,182 INFO security.auth AUTH.LOGIN.SUCCESS: Login attempt succeeded path=/accounts/login/ details={'user_id': 1444, 'username_hash': 'd972458b983c5497', 'duration_ms': 46.966, 'created': True, 'authentication_backend': 'adminportal.auth_backends.AccountLockoutBackend'}
2026-08-03 16:43:48,291 INFO security.auth AUTH.LOGIN.SUCCESS: Login attempt succeeded path=/accounts/login/ details={'user_id': 1444, 'username_hash': 'd972458b983c5497', 'duration_ms': 161.479, 'created': True, 'authentication_backend': 'adminportal.auth_backends.AccountLockoutBackend'}
2026-08-03 16:51:13,137 WARNING security.auth LOGIN_BLOCKED_ACTIVE_SESSION_ELSEWHERE: user=Athif
2026-08-03 16:51:13,137 WARNING security.auth AUTH.LOGIN.BLOCKED: Login attempt blocked: account already active on another device path=/accounts/login/ details={'username_hash': 'd972458b983c5497', 'duration_ms': 150.22}
2026-08-03 16:51:26,311 INFO security.auth AUTH.LOGIN.SUCCESS: Login attempt succeeded path=/accounts/login/ details={'user_id': 1, 'username_hash': '8c6976e5b5410415', 'duration_ms': 197.132, 'created': True, 'authentication_backend': 'adminportal.auth_backends.AccountLockoutBackend'}
2026-08-04 10:07:55,853 WARNING security.auth AUTH.LOGIN.FAILED: Login attempt failed path=/accounts/login/ details={'username_hash': 'c1f7bc1a4a4578bf', 'reason_category': 'invalid_credentials', 'duration_ms': 341.2}
2026-08-04 10:08:34,393 INFO security.auth AUTH.LOGIN.SUCCESS: Login attempt succeeded path=/accounts/login/ details={'user_id': 1444, 'username_hash': 'd972458b983c5497', 'duration_ms': 213.241, 'created': True, 'authentication_backend': 'adminportal.auth_backends.AccountLockoutBackend'}
2026-08-04 10:37:59,713 INFO security.auth AUTH.LOGIN.SUCCESS: Login attempt succeeded path=/accounts/login/ details={'user_id': 1445, 'username_hash': 'f153683d3b1aafad', 'duration_ms': 308.677, 'created': True, 'authentication_backend': 'adminportal.auth_backends.AccountLockoutBackend'}
2026-08-04 10:44:26,476 INFO security.auth AUTH.LOGIN.SUCCESS: Login attempt succeeded path=/accounts/login/ details={'user_id': 1445, 'username_hash': 'f153683d3b1aafad', 'duration_ms': 167.852, 'created': True, 'authentication_backend': 'adminportal.auth_backends.AccountLockoutBackend'}
2026-08-04 10:54:56,457 INFO security.auth AUTH.LOGIN.SUCCESS: Login attempt succeeded path=/accounts/login/ details={'user_id': 1444, 'username_hash': 'd972458b983c5497', 'duration_ms': 157.547, 'created': True, 'authentication_backend': 'adminportal.auth_backends.AccountLockoutBackend'}
2026-08-04 11:27:27,028 INFO security.auth AUTH.LOGIN.SUCCESS: Login attempt succeeded path=/accounts/login/ details={'user_id': 1444, 'username_hash': 'd972458b983c5497', 'duration_ms': 54.424, 'created': True, 'authentication_backend': 'adminportal.auth_backends.AccountLockoutBackend'}
2026-08-04 12:47:52,341 INFO security.auth AUTH.LOGIN.SUCCESS: Login attempt succeeded path=/accounts/login/ details={'user_id': 1445, 'username_hash': 'f153683d3b1aafad', 'duration_ms': 55.172, 'created': True, 'authentication_backend': 'adminportal.auth_backends.AccountLockoutBackend'}
2026-08-04 14:25:55,315 INFO security.auth AUTH.LOGIN.SUCCESS: Login attempt succeeded path=/accounts/login/ details={'user_id': 1444, 'username_hash': 'd972458b983c5497', 'duration_ms': 162.287, 'created': True, 'authentication_backend': 'adminportal.auth_backends.AccountLockoutBackend'}
2026-08-04 17:23:42,571 INFO security.auth AUTH.LOGIN.SUCCESS: Login attempt succeeded path=/accounts/login/ details={'user_id': 1444, 'username_hash': 'd972458b983c5497', 'duration_ms': 229.855, 'created': True, 'authentication_backend': 'adminportal.auth_backends.AccountLockoutBackend'}
2026-08-04 17:36:38,087 INFO security.auth AUTH.LOGIN.SUCCESS: Login attempt succeeded path=/accounts/login/ details={'user_id': 1444, 'username_hash': 'd972458b983c5497', 'duration_ms': 48.755, 'created': True, 'authentication_backend': 'adminportal.auth_backends.AccountLockoutBackend'}
2026-08-04 20:19:19,796 WARNING security.auth AUTH.LOGIN.FAILED: Login attempt failed path=/accounts/login/ details={'username_hash': '08f16efd84ce8d30', 'reason_category': 'invalid_credentials', 'duration_ms': 134.473}
2026-08-04 20:19:26,196 WARNING security.auth AUTH.LOGIN.FAILED: Login attempt failed path=/accounts/login/ details={'username_hash': '08f16efd84ce8d30', 'reason_category': 'invalid_credentials', 'duration_ms': 6.25}
2026-08-04 20:19:33,169 WARNING security.auth AUTH.LOGIN.FAILED: Login attempt failed path=/accounts/login/ details={'username_hash': '08f16efd84ce8d30', 'reason_category': 'invalid_credentials', 'duration_ms': 37.329}
2026-08-05 08:57:04,046 INFO security.auth AUTH.LOGIN.SUCCESS: Login attempt succeeded path=/accounts/login/ details={'user_id': 1445, 'username_hash': 'f153683d3b1aafad', 'duration_ms': 556.937, 'created': True, 'authentication_backend': 'adminportal.auth_backends.AccountLockoutBackend'}
2026-08-05 09:25:27,906 INFO security.auth AUTH.LOGIN.SUCCESS: Login attempt succeeded path=/accounts/login/ details={'user_id': 1444, 'username_hash': 'd972458b983c5497', 'duration_ms': 151.293, 'created': True, 'authentication_backend': 'adminportal.auth_backends.AccountLockoutBackend'}
2026-08-05 10:32:59,037 INFO security.auth AUTH.LOGIN.SUCCESS: Login attempt succeeded path=/accounts/login/ details={'user_id': 1444, 'username_hash': 'd972458b983c5497', 'duration_ms': 150.459, 'created': True, 'authentication_backend': 'adminportal.auth_backends.AccountLockoutBackend'}
2026-08-05 10:45:47,383 INFO security.auth AUTH.LOGIN.SUCCESS: Login attempt succeeded path=/accounts/login/ details={'user_id': 1, 'username_hash': '8c6976e5b5410415', 'duration_ms': 58.07, 'created': True, 'authentication_backend': 'adminportal.auth_backends.AccountLockoutBackend'}
2026-08-05 14:32:17,390 INFO security.auth AUTH.LOGIN.SUCCESS: Login attempt succeeded path=/accounts/login/ details={'user_id': 1444, 'username_hash': 'd972458b983c5497', 'duration_ms': 159.38, 'created': True, 'authentication_backend': 'adminportal.auth_backends.AccountLockoutBackend'}
2026-08-05 16:22:34,536 INFO security.auth AUTH.LOGIN.SUCCESS: Login attempt succeeded path=/accounts/login/ details={'user_id': 1, 'username_hash': '8c6976e5b5410415', 'duration_ms': 63.074, 'created': True, 'authentication_backend': 'adminportal.auth_backends.AccountLockoutBackend'}
2026-08-05 16:33:39,375 WARNING security.auth LOGIN_BLOCKED_ACTIVE_SESSION_ELSEWHERE: user=admin
2026-08-05 16:33:39,375 WARNING security.auth AUTH.LOGIN.BLOCKED: Login attempt blocked: account already active on another device path=/accounts/login/ details={'username_hash': '8c6976e5b5410415', 'duration_ms': 483.99}
2026-08-05 16:46:44,221 INFO security.auth AUTH.LOGIN.SUCCESS: Login attempt succeeded path=/accounts/login/ details={'user_id': 1459, 'username_hash': 'ef260e9aa3c673af', 'duration_ms': 2137.016, 'created': True, 'authentication_backend': 'adminportal.auth_backends.AccountLockoutBackend'}
2026-08-05 16:47:30,081 INFO security.auth AUTH.LOGIN.SUCCESS: Login attempt succeeded path=/accounts/login/ details={'user_id': 1444, 'username_hash': 'd972458b983c5497', 'duration_ms': 162.721, 'created': True, 'authentication_backend': 'adminportal.auth_backends.AccountLockoutBackend'}
2026-08-05 17:08:19,757 INFO security.auth AUTH.LOGIN.SUCCESS: Login attempt succeeded path=/accounts/login/ details={'user_id': 1444, 'username_hash': 'd972458b983c5497', 'duration_ms': 172.712, 'created': True, 'authentication_backend': 'adminportal.auth_backends.AccountLockoutBackend'}
2026-08-06 09:31:20,955 INFO security.auth AUTH.LOGIN.SUCCESS: Login attempt succeeded path=/accounts/login/ details={'user_id': 1444, 'username_hash': 'd972458b983c5497', 'duration_ms': 178.674, 'created': True, 'authentication_backend': 'adminportal.auth_backends.AccountLockoutBackend'}
2026-08-06 10:32:27,165 INFO security.auth AUTH.LOGIN.SUCCESS: Login attempt succeeded path=/accounts/login/ details={'user_id': 1445, 'username_hash': 'f153683d3b1aafad', 'duration_ms': 62.677, 'created': True, 'authentication_backend': 'adminportal.auth_backends.AccountLockoutBackend'}
2026-08-06 10:32:31,922 INFO security.auth AUTH.LOGIN.SUCCESS: Login attempt succeeded path=/accounts/login/ details={'user_id': 1444, 'username_hash': 'd972458b983c5497', 'duration_ms': 49.568, 'created': True, 'authentication_backend': 'adminportal.auth_backends.AccountLockoutBackend'}
2026-08-06 11:02:15,193 INFO security.auth AUTH.LOGIN.SUCCESS: Login attempt succeeded path=/accounts/login/ details={'user_id': 1, 'username_hash': '8c6976e5b5410415', 'duration_ms': 160.286, 'created': True, 'authentication_backend': 'adminportal.auth_backends.AccountLockoutBackend'}
2026-08-06 11:42:01,101 INFO security.auth AUTH.LOGIN.SUCCESS: Login attempt succeeded path=/accounts/login/ details={'user_id': 1444, 'username_hash': 'd972458b983c5497', 'duration_ms': 51.576, 'created': True, 'authentication_backend': 'adminportal.auth_backends.AccountLockoutBackend'}
2026-08-06 15:18:25,508 INFO security.auth AUTH.LOGIN.SUCCESS: Login attempt succeeded path=/accounts/login/ details={'user_id': 1, 'username_hash': '8c6976e5b5410415', 'duration_ms': 1680.479, 'created': True, 'authentication_backend': 'adminportal.auth_backends.AccountLockoutBackend'}
2026-08-06 15:18:48,411 WARNING security.auth LOGIN_FAILED: user=Athif attempt=1/5 ip=127.0.0.1
2026-08-06 15:18:48,411 WARNING security.auth AUTH.LOGIN.FAILED: Login attempt failed path=/accounts/login/ details={'username_hash': 'd972458b983c5497', 'reason_category': 'invalid_credentials', 'duration_ms': 65.226}
2026-08-06 15:18:55,373 INFO security.auth LOGIN_FAILED_COUNTER_RESET: user=Athif after successful login
2026-08-06 15:18:55,393 INFO security.auth AUTH.LOGIN.SUCCESS: Login attempt succeeded path=/accounts/login/ details={'user_id': 1444, 'username_hash': 'd972458b983c5497', 'duration_ms': 173.324, 'created': True, 'authentication_backend': 'adminportal.auth_backends.AccountLockoutBackend'}
2026-08-06 19:13:53,412 INFO security.auth AUTH.LOGIN.SUCCESS: Login attempt succeeded path=/accounts/login/ details={'user_id': 1445, 'username_hash': 'f153683d3b1aafad', 'duration_ms': 299.182, 'created': True, 'authentication_backend': 'adminportal.auth_backends.AccountLockoutBackend'}
2026-08-07 10:01:12,117 WARNING security.auth AUTH.LOGIN.FAILED: Login attempt failed path=/accounts/login/ details={'username_hash': '7219d1325449a2f5', 'reason_category': 'invalid_credentials', 'duration_ms': 105.002}
2026-08-07 10:01:30,054 INFO security.auth AUTH.LOGIN.SUCCESS: Login attempt succeeded path=/accounts/login/ details={'user_id': 1444, 'username_hash': 'd972458b983c5497', 'duration_ms': 71.17, 'created': True, 'authentication_backend': 'adminportal.auth_backends.AccountLockoutBackend'}
2026-08-07 10:15:33,350 INFO security.auth AUTH.LOGIN.SUCCESS: Login attempt succeeded path=/accounts/login/ details={'user_id': 1445, 'username_hash': 'f153683d3b1aafad', 'duration_ms': 19075.147, 'created': True, 'authentication_backend': 'adminportal.auth_backends.AccountLockoutBackend'}
2026-08-07 10:18:16,753 INFO security.auth AUTH.LOGIN.SUCCESS: Login attempt succeeded path=/accounts/login/ details={'user_id': 1459, 'username_hash': 'ef260e9aa3c673af', 'duration_ms': 51.863, 'created': True, 'authentication_backend': 'adminportal.auth_backends.AccountLockoutBackend'}
2026-08-07 10:24:58,278 INFO security.auth AUTH.LOGIN.SUCCESS: Login attempt succeeded path=/accounts/login/ details={'user_id': 1459, 'username_hash': 'ef260e9aa3c673af', 'duration_ms': 48.421, 'created': True, 'authentication_backend': 'adminportal.auth_backends.AccountLockoutBackend'}
2026-08-07 12:55:34,417 INFO security.auth AUTH.LOGIN.SUCCESS: Login attempt succeeded path=/accounts/login/ details={'user_id': 1459, 'username_hash': 'ef260e9aa3c673af', 'duration_ms': 55.113, 'created': True, 'authentication_backend': 'adminportal.auth_backends.AccountLockoutBackend'}
2026-08-07 12:56:42,168 WARNING security.auth LOGIN_BLOCKED_ACTIVE_SESSION_ELSEWHERE: user=dev
2026-08-07 12:56:42,168 WARNING security.auth AUTH.LOGIN.BLOCKED: Login attempt blocked: account already active on another device path=/accounts/login/ details={'username_hash': 'ef260e9aa3c673af', 'duration_ms': 153.499}
2026-08-07 13:20:37,213 INFO security.auth AUTH.LOGIN.SUCCESS: Login attempt succeeded path=/accounts/login/ details={'user_id': 1459, 'username_hash': 'ef260e9aa3c673af', 'duration_ms': 154.538, 'created': True, 'authentication_backend': 'adminportal.auth_backends.AccountLockoutBackend'}
2026-08-07 13:58:29,872 INFO security.auth AUTH.LOGIN.SUCCESS: Login attempt succeeded path=/accounts/login/ details={'user_id': 1459, 'username_hash': 'ef260e9aa3c673af', 'duration_ms': 152.735, 'created': True, 'authentication_backend': 'adminportal.auth_backends.AccountLockoutBackend'}
2026-08-07 14:07:03,412 INFO security.auth AUTH.LOGIN.SUCCESS: Login attempt succeeded path=/accounts/login/ details={'user_id': 1445, 'username_hash': 'f153683d3b1aafad', 'duration_ms': 905.737, 'created': True, 'authentication_backend': 'adminportal.auth_backends.AccountLockoutBackend'}
2026-08-07 15:15:28,044 INFO security.auth AUTH.LOGIN.SUCCESS: Login attempt succeeded path=/accounts/login/ details={'user_id': 1459, 'username_hash': 'ef260e9aa3c673af', 'duration_ms': 147.229, 'created': True, 'authentication_backend': 'adminportal.auth_backends.AccountLockoutBackend'}
2026-08-07 16:00:29,948 INFO security.auth AUTH.LOGIN.SUCCESS: Login attempt succeeded path=/accounts/login/ details={'user_id': 1444, 'username_hash': 'd972458b983c5497', 'duration_ms': 160.087, 'created': True, 'authentication_backend': 'adminportal.auth_backends.AccountLockoutBackend'}
2026-08-07 16:23:59,251 INFO security.auth AUTH.LOGIN.SUCCESS: Login attempt succeeded path=/accounts/login/ details={'user_id': 1459, 'username_hash': 'ef260e9aa3c673af', 'duration_ms': 55.522, 'created': True, 'authentication_backend': 'adminportal.auth_backends.AccountLockoutBackend'}
2026-08-07 16:45:12,097 INFO security.auth AUTH.LOGIN.SUCCESS: Login attempt succeeded path=/accounts/login/ details={'user_id': 1459, 'username_hash': 'ef260e9aa3c673af', 'duration_ms': 164.12, 'created': True, 'authentication_backend': 'adminportal.auth_backends.AccountLockoutBackend'}
2026-08-10 09:42:00,935 INFO security.auth AUTH.LOGIN.SUCCESS: Login attempt succeeded path=/accounts/login/ details={'user_id': 1444, 'username_hash': 'd972458b983c5497', 'duration_ms': 616.376, 'created': True, 'authentication_backend': 'adminportal.auth_backends.AccountLockoutBackend'}
2026-08-10 12:32:55,476 INFO security.auth AUTH.LOGIN.SUCCESS: Login attempt succeeded path=/accounts/login/ details={'user_id': 1, 'username_hash': '8c6976e5b5410415', 'duration_ms': 194.815, 'created': True, 'authentication_backend': 'adminportal.auth_backends.AccountLockoutBackend'}
2026-08-10 13:53:08,792 INFO security.auth AUTH.LOGIN.SUCCESS: Login attempt succeeded path=/accounts/login/ details={'user_id': 1, 'username_hash': '8c6976e5b5410415', 'duration_ms': 147.37, 'created': True, 'authentication_backend': 'adminportal.auth_backends.AccountLockoutBackend'}
2026-08-10 14:06:50,650 WARNING security.auth LOGIN_BLOCKED_ACTIVE_SESSION_ELSEWHERE: user=admin
2026-08-10 14:06:50,650 WARNING security.auth AUTH.LOGIN.BLOCKED: Login attempt blocked: account already active on another device path=/accounts/login/ details={'username_hash': '8c6976e5b5410415', 'duration_ms': 141.793}
2026-08-10 14:06:56,901 WARNING security.auth LOGIN_BLOCKED_ACTIVE_SESSION_ELSEWHERE: user=admin
2026-08-10 14:06:56,901 WARNING security.auth AUTH.LOGIN.BLOCKED: Login attempt blocked: account already active on another device path=/accounts/login/ details={'username_hash': '8c6976e5b5410415', 'duration_ms': 153.743}
2026-08-10 14:07:21,283 WARNING security.auth LOGIN_BLOCKED_ACTIVE_SESSION_ELSEWHERE: user=admin
2026-08-10 14:07:21,283 WARNING security.auth AUTH.LOGIN.BLOCKED: Login attempt blocked: account already active on another device path=/accounts/login/ details={'username_hash': '8c6976e5b5410415', 'duration_ms': 39.98}
2026-08-10 14:07:55,758 WARNING security.auth LOGIN_BLOCKED_ACTIVE_SESSION_ELSEWHERE: user=admin
2026-08-10 14:07:55,758 WARNING security.auth AUTH.LOGIN.BLOCKED: Login attempt blocked: account already active on another device path=/accounts/login/ details={'username_hash': '8c6976e5b5410415', 'duration_ms': 144.896}
2026-08-10 14:17:11,793 INFO security.auth AUTH.LOGIN.SUCCESS: Login attempt succeeded path=/accounts/login/ details={'user_id': 1444, 'username_hash': 'd972458b983c5497', 'duration_ms': 149.497, 'created': True, 'authentication_backend': 'adminportal.auth_backends.AccountLockoutBackend'}
2026-08-10 16:37:56,414 INFO security.auth AUTH.LOGIN.SUCCESS: Login attempt succeeded path=/accounts/login/ details={'user_id': 1445, 'username_hash': 'f153683d3b1aafad', 'duration_ms': 150.496, 'created': True, 'authentication_backend': 'adminportal.auth_backends.AccountLockoutBackend'}
2026-08-11 09:40:59,332 INFO security.auth AUTH.LOGIN.SUCCESS: Login attempt succeeded path=/accounts/login/ details={'user_id': 1444, 'username_hash': 'd972458b983c5497', 'duration_ms': 547.318, 'created': True, 'authentication_backend': 'adminportal.auth_backends.AccountLockoutBackend'}
2026-08-11 10:43:53,758 INFO security.auth AUTH.LOGIN.SUCCESS: Login attempt succeeded path=/accounts/login/ details={'user_id': 1444, 'username_hash': 'd972458b983c5497', 'duration_ms': 217.547, 'created': True, 'authentication_backend': 'adminportal.auth_backends.AccountLockoutBackend'}
2026-08-11 11:27:59,798 INFO security.auth AUTH.LOGIN.SUCCESS: Login attempt succeeded path=/accounts/login/ details={'user_id': 1459, 'username_hash': 'ef260e9aa3c673af', 'duration_ms': 52.507, 'created': True, 'authentication_backend': 'adminportal.auth_backends.AccountLockoutBackend'}
2026-08-11 11:28:31,906 WARNING security.auth LOGIN_BLOCKED_ACTIVE_SESSION_ELSEWHERE: user=dev
2026-08-11 11:28:31,906 WARNING security.auth AUTH.LOGIN.BLOCKED: Login attempt blocked: account already active on another device path=/accounts/login/ details={'username_hash': 'ef260e9aa3c673af', 'duration_ms': 148.219}
2026-08-11 14:16:16,554 INFO security.auth AUTH.LOGIN.SUCCESS: Login attempt succeeded path=/accounts/login/ details={'user_id': 1445, 'username_hash': 'f153683d3b1aafad', 'duration_ms': 390.846, 'created': True, 'authentication_backend': 'adminportal.auth_backends.AccountLockoutBackend'}
2026-08-11 14:20:54,206 INFO security.auth AUTH.LOGIN.SUCCESS: Login attempt succeeded path=/accounts/login/ details={'user_id': 1444, 'username_hash': 'd972458b983c5497', 'duration_ms': 98.463, 'created': True, 'authentication_backend': 'adminportal.auth_backends.AccountLockoutBackend'}
2026-08-11 14:47:36,455 WARNING security.auth LOGIN_BLOCKED_ACTIVE_SESSION_ELSEWHERE: user=Testuser1
2026-08-11 14:47:36,502 WARNING security.auth AUTH.LOGIN.BLOCKED: Login attempt blocked: account already active on another device path=/accounts/login/ details={'username_hash': 'f153683d3b1aafad', 'duration_ms': 86.877}
2026-08-11 14:49:03,240 INFO security.auth AUTH.LOGIN.SUCCESS: Login attempt succeeded path=/accounts/login/ details={'user_id': 1445, 'username_hash': 'f153683d3b1aafad', 'duration_ms': 504.824, 'created': True, 'authentication_backend': 'adminportal.auth_backends.AccountLockoutBackend'}
2026-08-11 17:33:07,043 INFO security.auth AUTH.LOGIN.SUCCESS: Login attempt succeeded path=/accounts/login/ details={'user_id': 1, 'username_hash': '8c6976e5b5410415', 'duration_ms': 309.655, 'created': True, 'authentication_backend': 'adminportal.auth_backends.AccountLockoutBackend'}
2026-08-12 11:46:45,345 INFO security.auth AUTH.LOGIN.SUCCESS: Login attempt succeeded path=/accounts/login/ details={'user_id': 1445, 'username_hash': 'f153683d3b1aafad', 'duration_ms': 707.528, 'created': True, 'authentication_backend': 'adminportal.auth_backends.AccountLockoutBackend'}
2026-08-12 11:54:11,083 INFO security.auth AUTH.LOGIN.SUCCESS: Login attempt succeeded path=/accounts/login/ details={'user_id': 1445, 'username_hash': 'f153683d3b1aafad', 'duration_ms': 403.059, 'created': True, 'authentication_backend': 'adminportal.auth_backends.AccountLockoutBackend'}
2026-08-12 15:18:58,370 INFO security.auth AUTH.LOGIN.SUCCESS: Login attempt succeeded path=/accounts/login/ details={'user_id': 1445, 'username_hash': 'f153683d3b1aafad', 'duration_ms': 390.944, 'created': True, 'authentication_backend': 'adminportal.auth_backends.AccountLockoutBackend'}
2026-08-12 15:31:53,566 WARNING security.auth LOGIN_FAILED: user=Athif attempt=1/5 ip=127.0.0.1
2026-08-12 15:31:53,566 WARNING security.auth AUTH.LOGIN.FAILED: Login attempt failed path=/accounts/login/ details={'username_hash': 'd972458b983c5497', 'reason_category': 'invalid_credentials', 'duration_ms': 156.005}
2026-08-12 15:32:04,877 INFO security.auth LOGIN_FAILED_COUNTER_RESET: user=Athif after successful login
2026-08-12 15:32:04,908 INFO security.auth AUTH.LOGIN.SUCCESS: Login attempt succeeded path=/accounts/login/ details={'user_id': 1444, 'username_hash': 'd972458b983c5497', 'duration_ms': 163.537, 'created': True, 'authentication_backend': 'adminportal.auth_backends.AccountLockoutBackend'}
2026-08-12 15:38:08,246 WARNING security.auth AUTH.LOGIN.FAILED: Login attempt failed path=/accounts/login/ details={'username_hash': '7c991e3477e5d3cf', 'reason_category': 'invalid_credentials', 'duration_ms': 227.997}
2026-08-12 15:38:35,845 WARNING security.auth AUTH.LOGIN.FAILED: Login attempt failed path=/accounts/login/ details={'username_hash': '7c991e3477e5d3cf', 'reason_category': 'invalid_credentials', 'duration_ms': 38.82}
2026-08-12 15:42:45,367 INFO security.auth AUTH.LOGIN.SUCCESS: Login attempt succeeded path=/accounts/login/ details={'user_id': 1445, 'username_hash': 'f153683d3b1aafad', 'duration_ms': 298.313, 'created': True, 'authentication_backend': 'adminportal.auth_backends.AccountLockoutBackend'}
2026-08-12 15:55:43,924 INFO security.auth AUTH.LOGIN.SUCCESS: Login attempt succeeded path=/accounts/login/ details={'user_id': 1444, 'username_hash': 'd972458b983c5497', 'duration_ms': 154.475, 'created': True, 'authentication_backend': 'adminportal.auth_backends.AccountLockoutBackend'}
2026-08-12 16:08:51,660 INFO security.auth AUTH.LOGIN.SUCCESS: Login attempt succeeded path=/accounts/login/ details={'user_id': 1460, 'username_hash': '46eb481647a8af69', 'duration_ms': 52.599, 'created': True, 'authentication_backend': 'adminportal.auth_backends.AccountLockoutBackend'}
2026-08-12 16:11:04,512 INFO security.auth AUTH.LOGIN.SUCCESS: Login attempt succeeded path=/accounts/login/ details={'user_id': 1459, 'username_hash': 'ef260e9aa3c673af', 'duration_ms': 3966.99, 'created': True, 'authentication_backend': 'adminportal.auth_backends.AccountLockoutBackend'}
2026-08-12 16:59:28,390 INFO security.auth AUTH.LOGIN.SUCCESS: Login attempt succeeded path=/accounts/login/ details={'user_id': 1445, 'username_hash': 'f153683d3b1aafad', 'duration_ms': 3593.528, 'created': True, 'authentication_backend': 'adminportal.auth_backends.AccountLockoutBackend'}
2026-08-12 23:59:43,115 INFO security.auth AUTH.LOGIN.SUCCESS: Login attempt succeeded path=/accounts/login/ details={'user_id': 1445, 'username_hash': 'f153683d3b1aafad', 'duration_ms': 927.294, 'created': True, 'authentication_backend': 'adminportal.auth_backends.AccountLockoutBackend'}
2026-08-13 09:20:53,925 WARNING security.auth AUTH.LOGIN.FAILED: Login attempt failed path=/accounts/login/ details={'username_hash': '8c6976e5b5410415', 'reason_category': 'invalid_credentials', 'duration_ms': 140.606}
2026-08-13 09:21:10,310 INFO security.auth AUTH.LOGIN.SUCCESS: Login attempt succeeded path=/accounts/login/ details={'user_id': 1, 'username_hash': '8c6976e5b5410415', 'duration_ms': 53.955, 'created': True, 'authentication_backend': 'adminportal.auth_backends.AccountLockoutBackend'}
2026-08-13 09:21:52,344 WARNING security.auth LOGIN_BLOCKED_ACTIVE_SESSION_ELSEWHERE: user=admin
2026-08-13 09:21:52,344 WARNING security.auth AUTH.LOGIN.BLOCKED: Login attempt blocked: account already active on another device path=/accounts/login/ details={'username_hash': '8c6976e5b5410415', 'duration_ms': 47.022}
2026-08-13 09:22:01,148 WARNING security.auth LOGIN_BLOCKED_ACTIVE_SESSION_ELSEWHERE: user=admin
2026-08-13 09:22:01,148 WARNING security.auth AUTH.LOGIN.BLOCKED: Login attempt blocked: account already active on another device path=/accounts/login/ details={'username_hash': '8c6976e5b5410415', 'duration_ms': 157.949}
2026-08-13 09:23:09,480 INFO security.auth AUTH.LOGIN.SUCCESS: Login attempt succeeded path=/accounts/login/ details={'user_id': 1460, 'username_hash': '46eb481647a8af69', 'duration_ms': 170.143, 'created': True, 'authentication_backend': 'adminportal.auth_backends.AccountLockoutBackend'}
2026-08-13 09:58:44,966 INFO security.auth AUTH.LOGIN.SUCCESS: Login attempt succeeded path=/accounts/login/ details={'user_id': 1459, 'username_hash': 'ef260e9aa3c673af', 'duration_ms': 65.389, 'created': True, 'authentication_backend': 'adminportal.auth_backends.AccountLockoutBackend'}
2026-08-13 10:42:44,587 WARNING security.auth LOGIN_FAILED: user=DPUser attempt=1/5 ip=127.0.0.1
2026-08-13 10:42:44,587 WARNING security.auth AUTH.LOGIN.FAILED: Login attempt failed path=/accounts/login/ details={'username_hash': '46eb481647a8af69', 'reason_category': 'invalid_credentials', 'duration_ms': 160.049}
2026-08-13 10:43:08,038 INFO security.auth LOGIN_FAILED_COUNTER_RESET: user=DPUser after successful login
2026-08-13 10:43:08,056 INFO security.auth AUTH.LOGIN.SUCCESS: Login attempt succeeded path=/accounts/login/ details={'user_id': 1460, 'username_hash': '46eb481647a8af69', 'duration_ms': 53.792, 'created': True, 'authentication_backend': 'adminportal.auth_backends.AccountLockoutBackend'}
2026-08-13 10:58:01,629 WARNING security.auth LOGIN_BLOCKED_ACTIVE_SESSION_ELSEWHERE: user=DPUser
2026-08-13 10:58:01,629 WARNING security.auth AUTH.LOGIN.BLOCKED: Login attempt blocked: account already active on another device path=/accounts/login/ details={'username_hash': '46eb481647a8af69', 'duration_ms': 281.838}
2026-08-13 10:59:52,608 INFO security.auth AUTH.LOGIN.SUCCESS: Login attempt succeeded path=/accounts/login/ details={'user_id': 1461, 'username_hash': '047dee856c057876', 'duration_ms': 357.465, 'created': True, 'authentication_backend': 'adminportal.auth_backends.AccountLockoutBackend'}
2026-08-13 11:01:54,598 INFO security.auth AUTH.LOGIN.SUCCESS: Login attempt succeeded path=/accounts/login/ details={'user_id': 1461, 'username_hash': '047dee856c057876', 'duration_ms': 1052.695, 'created': True, 'authentication_backend': 'adminportal.auth_backends.AccountLockoutBackend'}
2026-08-13 11:03:12,397 WARNING security.auth AUTH.LOGIN.FAILED: Login attempt failed path=/accounts/login/ details={'username_hash': '7c991e3477e5d3cf', 'reason_category': 'invalid_credentials', 'duration_ms': 765.144}
2026-08-13 11:04:20,177 INFO security.auth AUTH.LOGIN.SUCCESS: Login attempt succeeded path=/accounts/login/ details={'user_id': 1445, 'username_hash': 'f153683d3b1aafad', 'duration_ms': 480.733, 'created': False, 'authentication_backend': 'adminportal.auth_backends.AccountLockoutBackend'}
2026-08-13 11:07:20,285 INFO security.auth AUTH.LOGIN.SUCCESS: Login attempt succeeded path=/accounts/login/ details={'user_id': 1472, 'username_hash': '20ee05e3ab25c760', 'duration_ms': 2996.065, 'created': True, 'authentication_backend': 'adminportal.auth_backends.AccountLockoutBackend'}
2026-08-13 13:02:03,554 INFO security.auth AUTH.LOGIN.SUCCESS: Login attempt succeeded path=/accounts/login/ details={'user_id': 1445, 'username_hash': 'f153683d3b1aafad', 'duration_ms': 536.319, 'created': True, 'authentication_backend': 'adminportal.auth_backends.AccountLockoutBackend'}
2026-08-13 15:32:28,097 INFO security.auth AUTH.LOGIN.SUCCESS: Login attempt succeeded path=/accounts/login/ details={'user_id': 1462, 'username_hash': '2a2e58187773395e', 'duration_ms': 151.985, 'created': True, 'authentication_backend': 'adminportal.auth_backends.AccountLockoutBackend'}
2026-08-13 15:32:55,436 INFO security.auth AUTH.LOGIN.SUCCESS: Login attempt succeeded path=/accounts/login/ details={'user_id': 1445, 'username_hash': 'f153683d3b1aafad', 'duration_ms': 329.409, 'created': True, 'authentication_backend': 'adminportal.auth_backends.AccountLockoutBackend'}
2026-08-13 15:54:38,084 WARNING security.auth AUTH.LOGIN.FAILED: Login attempt failed path=/accounts/login/ details={'username_hash': '66c433382701dc83', 'reason_category': 'invalid_credentials', 'duration_ms': 143.488}
2026-08-13 15:55:22,545 INFO security.auth AUTH.LOGIN.SUCCESS: Login attempt succeeded path=/accounts/login/ details={'user_id': 1462, 'username_hash': '2a2e58187773395e', 'duration_ms': 66.295, 'created': True, 'authentication_backend': 'adminportal.auth_backends.AccountLockoutBackend'}
2026-08-14 00:14:08,837 INFO security.auth AUTH.LOGIN.SUCCESS: Login attempt succeeded path=/accounts/login/ details={'user_id': 1445, 'username_hash': 'f153683d3b1aafad', 'duration_ms': 2127.586, 'created': True, 'authentication_backend': 'adminportal.auth_backends.AccountLockoutBackend'}
2026-08-14 00:21:33,249 WARNING security.auth LOGIN_BLOCKED_ACTIVE_SESSION_ELSEWHERE: user=Testuser1
2026-08-14 00:21:33,309 WARNING security.auth AUTH.LOGIN.BLOCKED: Login attempt blocked: account already active on another device path=/accounts/login/ details={'username_hash': 'f153683d3b1aafad', 'duration_ms': 150.235}
2026-08-14 00:22:24,296 INFO security.auth AUTH.LOGIN.SUCCESS: Login attempt succeeded path=/accounts/login/ details={'user_id': 1459, 'username_hash': 'ef260e9aa3c673af', 'duration_ms': 21650.335, 'created': True, 'authentication_backend': 'adminportal.auth_backends.AccountLockoutBackend'}
2026-08-14 00:22:38,501 INFO security.auth AUTH.LOGIN.SUCCESS: Login attempt succeeded path=/accounts/login/ details={'user_id': 1459, 'username_hash': 'ef260e9aa3c673af', 'duration_ms': 444.294, 'created': True, 'authentication_backend': 'adminportal.auth_backends.AccountLockoutBackend'}
2026-08-14 08:52:20,512 INFO security.auth AUTH.LOGIN.SUCCESS: Login attempt succeeded path=/accounts/login/ details={'user_id': 1, 'username_hash': '8c6976e5b5410415', 'duration_ms': 162.004, 'created': True, 'authentication_backend': 'adminportal.auth_backends.AccountLockoutBackend'}
2026-08-14 10:20:12,936 INFO security.auth AUTH.LOGIN.SUCCESS: Login attempt succeeded path=/accounts/login/ details={'user_id': 1445, 'username_hash': 'f153683d3b1aafad', 'duration_ms': 414.41, 'created': True, 'authentication_backend': 'adminportal.auth_backends.AccountLockoutBackend'}
2026-08-14 10:51:00,811 WARNING security.auth LOGIN_BLOCKED_ACTIVE_SESSION_ELSEWHERE: user=Testuser1
2026-08-14 10:51:00,826 WARNING security.auth AUTH.LOGIN.BLOCKED: Login attempt blocked: account already active on another device path=/accounts/login/ details={'username_hash': 'f153683d3b1aafad', 'duration_ms': 932.331}
2026-08-14 10:51:42,657 WARNING security.auth LOGIN_BLOCKED_ACTIVE_SESSION_ELSEWHERE: user=Testuser1
2026-08-14 10:51:42,720 WARNING security.auth AUTH.LOGIN.BLOCKED: Login attempt blocked: account already active on another device path=/accounts/login/ details={'username_hash': 'f153683d3b1aafad', 'duration_ms': 10658.699}
2026-08-14 10:52:16,094 INFO security.auth AUTH.LOGIN.SUCCESS: Login attempt succeeded path=/accounts/login/ details={'user_id': 1459, 'username_hash': 'ef260e9aa3c673af', 'duration_ms': 4185.628, 'created': True, 'authentication_backend': 'adminportal.auth_backends.AccountLockoutBackend'}
2026-08-14 12:33:28,495 WARNING security.auth AUTH.LOGIN.FAILED: Login attempt failed path=/accounts/login/ details={'username_hash': '', 'reason_category': 'invalid_credentials', 'duration_ms': 0.57}
2026-08-14 12:34:16,215 INFO security.auth AUTH.LOGIN.SUCCESS: Login attempt succeeded path=/accounts/login/ details={'user_id': 1462, 'username_hash': '2a2e58187773395e', 'duration_ms': 85.689, 'created': True, 'authentication_backend': 'adminportal.auth_backends.AccountLockoutBackend'}
2026-08-14 14:56:43,733 INFO security.auth AUTH.LOGIN.SUCCESS: Login attempt succeeded path=/accounts/login/ details={'user_id': 1, 'username_hash': '8c6976e5b5410415', 'duration_ms': 150.489, 'created': True, 'authentication_backend': 'adminportal.auth_backends.AccountLockoutBackend'}
2026-08-17 10:23:35,531 INFO security.auth AUTH.LOGIN.SUCCESS: Login attempt succeeded path=/accounts/login/ details={'user_id': 1445, 'username_hash': 'f153683d3b1aafad', 'duration_ms': 16051.93, 'created': True, 'authentication_backend': 'adminportal.auth_backends.AccountLockoutBackend'}
2026-08-17 15:30:58,793 INFO security.auth AUTH.LOGIN.SUCCESS: Login attempt succeeded path=/accounts/login/ details={'user_id': 1445, 'username_hash': 'f153683d3b1aafad', 'duration_ms': 676.66, 'created': True, 'authentication_backend': 'adminportal.auth_backends.AccountLockoutBackend'}
2026-08-18 11:19:08,120 INFO security.auth AUTH.LOGIN.SUCCESS: Login attempt succeeded path=/accounts/login/ details={'user_id': 1445, 'username_hash': 'f153683d3b1aafad', 'duration_ms': 18297.366, 'created': True, 'authentication_backend': 'adminportal.auth_backends.AccountLockoutBackend'}
2026-08-18 11:32:29,785 INFO security.auth AUTH.LOGIN.SUCCESS: Login attempt succeeded path=/accounts/login/ details={'user_id': 1462, 'username_hash': '2a2e58187773395e', 'duration_ms': 152.102, 'created': True, 'authentication_backend': 'adminportal.auth_backends.AccountLockoutBackend'}
2026-08-18 11:32:58,110 INFO security.auth AUTH.LOGIN.SUCCESS: Login attempt succeeded path=/accounts/login/ details={'user_id': 1444, 'username_hash': 'd972458b983c5497', 'duration_ms': 160.656, 'created': False, 'authentication_backend': 'adminportal.auth_backends.AccountLockoutBackend'}
2026-08-18 11:46:44,224 INFO security.auth AUTH.LOGIN.SUCCESS: Login attempt succeeded path=/accounts/login/ details={'user_id': 1462, 'username_hash': '2a2e58187773395e', 'duration_ms': 49.587, 'created': True, 'authentication_backend': 'adminportal.auth_backends.AccountLockoutBackend'}
2026-08-18 12:20:40,203 WARNING security.auth LOGIN_FAILED: user=Athif attempt=1/5 ip=127.0.0.1
2026-08-18 12:20:40,203 WARNING security.auth AUTH.LOGIN.FAILED: Login attempt failed path=/accounts/login/ details={'username_hash': 'd972458b983c5497', 'reason_category': 'invalid_credentials', 'duration_ms': 45.356}
2026-08-18 12:20:50,454 INFO security.auth LOGIN_FAILED_COUNTER_RESET: user=Athif after successful login
2026-08-18 12:20:50,470 INFO security.auth AUTH.LOGIN.SUCCESS: Login attempt succeeded path=/accounts/login/ details={'user_id': 1444, 'username_hash': 'd972458b983c5497', 'duration_ms': 63.388, 'created': True, 'authentication_backend': 'adminportal.auth_backends.AccountLockoutBackend'}
2026-08-18 12:28:06,817 INFO security.auth AUTH.LOGIN.SUCCESS: Login attempt succeeded path=/accounts/login/ details={'user_id': 1462, 'username_hash': '2a2e58187773395e', 'duration_ms': 50.462, 'created': True, 'authentication_backend': 'adminportal.auth_backends.AccountLockoutBackend'}
2026-08-18 12:59:06,234 INFO security.auth AUTH.LOGIN.SUCCESS: Login attempt succeeded path=/accounts/login/ details={'user_id': 1464, 'username_hash': '0820ce12dfed1949', 'duration_ms': 177.806, 'created': True, 'authentication_backend': 'adminportal.auth_backends.AccountLockoutBackend'}
2026-08-18 13:26:28,762 INFO security.auth AUTH.LOGIN.SUCCESS: Login attempt succeeded path=/accounts/login/ details={'user_id': 1462, 'username_hash': '2a2e58187773395e', 'duration_ms': 53.482, 'created': True, 'authentication_backend': 'adminportal.auth_backends.AccountLockoutBackend'}
2026-08-18 13:27:09,824 WARNING security.auth LOGIN_BLOCKED_ACTIVE_SESSION_ELSEWHERE: user=BQUser1
2026-08-18 13:27:09,824 WARNING security.auth AUTH.LOGIN.BLOCKED: Login attempt blocked: account already active on another device path=/accounts/login/ details={'username_hash': '0820ce12dfed1949', 'duration_ms': 141.953}
2026-08-18 13:27:53,079 WARNING security.auth LOGIN_FAILED: user=BQUser1 attempt=1/5 ip=127.0.0.1
2026-08-18 13:27:53,079 WARNING security.auth AUTH.LOGIN.FAILED: Login attempt failed path=/accounts/login/ details={'username_hash': '0820ce12dfed1949', 'reason_category': 'invalid_credentials', 'duration_ms': 44.278}
2026-08-18 13:27:58,077 INFO security.auth AUTH.LOGIN.SUCCESS: Login attempt succeeded path=/accounts/login/ details={'user_id': 1462, 'username_hash': '2a2e58187773395e', 'duration_ms': 50.185, 'created': True, 'authentication_backend': 'adminportal.auth_backends.AccountLockoutBackend'}
2026-08-18 15:07:01,468 INFO security.auth AUTH.LOGIN.SUCCESS: Login attempt succeeded path=/accounts/login/ details={'user_id': 1444, 'username_hash': 'd972458b983c5497', 'duration_ms': 145.648, 'created': True, 'authentication_backend': 'adminportal.auth_backends.AccountLockoutBackend'}
2026-08-18 16:01:21,675 INFO security.auth LOGIN_FAILED_COUNTER_RESET: user=BQUser1 after successful login
2026-08-18 16:01:21,690 INFO security.auth AUTH.LOGIN.SUCCESS: Login attempt succeeded path=/accounts/login/ details={'user_id': 1464, 'username_hash': '0820ce12dfed1949', 'duration_ms': 157.421, 'created': True, 'authentication_backend': 'adminportal.auth_backends.AccountLockoutBackend'}
2026-08-18 16:21:31,813 INFO security.auth AUTH.LOGIN.SUCCESS: Login attempt succeeded path=/accounts/login/ details={'user_id': 1444, 'username_hash': 'd972458b983c5497', 'duration_ms': 48.927, 'created': True, 'authentication_backend': 'adminportal.auth_backends.AccountLockoutBackend'}
2026-08-18 16:42:49,083 INFO security.auth AUTH.LOGIN.SUCCESS: Login attempt succeeded path=/accounts/login/ details={'user_id': 1464, 'username_hash': '0820ce12dfed1949', 'duration_ms': 48.318, 'created': True, 'authentication_backend': 'adminportal.auth_backends.AccountLockoutBackend'}
2026-08-18 17:13:15,146 INFO security.auth AUTH.LOGIN.SUCCESS: Login attempt succeeded path=/accounts/login/ details={'user_id': 1444, 'username_hash': 'd972458b983c5497', 'duration_ms': 153.741, 'created': True, 'authentication_backend': 'adminportal.auth_backends.AccountLockoutBackend'}
2026-08-18 22:18:28,958 INFO security.auth AUTH.LOGIN.SUCCESS: Login attempt succeeded path=/accounts/login/ details={'user_id': 1445, 'username_hash': 'f153683d3b1aafad', 'duration_ms': 6089.258, 'created': True, 'authentication_backend': 'adminportal.auth_backends.AccountLockoutBackend'}
2026-08-19 09:48:08,333 INFO security.auth AUTH.LOGIN.SUCCESS: Login attempt succeeded path=/accounts/login/ details={'user_id': 1444, 'username_hash': 'd972458b983c5497', 'duration_ms': 561.283, 'created': True, 'authentication_backend': 'adminportal.auth_backends.AccountLockoutBackend'}
2026-08-19 12:12:42,606 INFO security.auth AUTH.LOGIN.SUCCESS: Login attempt succeeded path=/accounts/login/ details={'user_id': 1444, 'username_hash': 'd972458b983c5497', 'duration_ms': 252.248, 'created': True, 'authentication_backend': 'adminportal.auth_backends.AccountLockoutBackend'}
2026-08-19 12:54:48,904 INFO security.auth AUTH.LOGIN.SUCCESS: Login attempt succeeded path=/accounts/login/ details={'user_id': 1470, 'username_hash': 'b439a604cccb730e', 'duration_ms': 175.299, 'created': True, 'authentication_backend': 'adminportal.auth_backends.AccountLockoutBackend'}
2026-08-19 12:59:28,843 INFO security.auth AUTH.LOGIN.SUCCESS: Login attempt succeeded path=/accounts/login/ details={'user_id': 1, 'username_hash': '8c6976e5b5410415', 'duration_ms': 51.986, 'created': True, 'authentication_backend': 'adminportal.auth_backends.AccountLockoutBackend'}
2026-08-19 12:59:34,307 INFO security.auth AUTH.LOGIN.SUCCESS: Login attempt succeeded path=/accounts/login/ details={'user_id': 1, 'username_hash': '8c6976e5b5410415', 'duration_ms': 40.894, 'created': True, 'authentication_backend': 'adminportal.auth_backends.AccountLockoutBackend'}
2026-08-19 14:48:53,961 INFO security.auth AUTH.LOGIN.SUCCESS: Login attempt succeeded path=/accounts/login/ details={'user_id': 1444, 'username_hash': 'd972458b983c5497', 'duration_ms': 157.559, 'created': True, 'authentication_backend': 'adminportal.auth_backends.AccountLockoutBackend'}
2026-08-19 15:52:17,324 INFO security.auth AUTH.LOGIN.SUCCESS: Login attempt succeeded path=/accounts/login/ details={'user_id': 1, 'username_hash': '8c6976e5b5410415', 'duration_ms': 147.532, 'created': True, 'authentication_backend': 'adminportal.auth_backends.AccountLockoutBackend'}
2026-08-19 15:52:25,549 INFO security.auth AUTH.LOGIN.SUCCESS: Login attempt succeeded path=/accounts/login/ details={'user_id': 1, 'username_hash': '8c6976e5b5410415', 'duration_ms': 151.948, 'created': True, 'authentication_backend': 'adminportal.auth_backends.AccountLockoutBackend'}
2026-08-19 15:53:22,506 INFO security.auth AUTH.LOGIN.SUCCESS: Login attempt succeeded path=/accounts/login/ details={'user_id': 1, 'username_hash': '8c6976e5b5410415', 'duration_ms': 183.829, 'created': True, 'authentication_backend': 'adminportal.auth_backends.AccountLockoutBackend'}
2026-08-19 15:53:52,499 INFO security.auth AUTH.LOGIN.SUCCESS: Login attempt succeeded path=/accounts/login/ details={'user_id': 1, 'username_hash': '8c6976e5b5410415', 'duration_ms': 46.9, 'created': True, 'authentication_backend': 'adminportal.auth_backends.AccountLockoutBackend'}
2026-08-19 16:22:12,574 WARNING security.auth LOGIN_FAILED: user=BQUser1 attempt=1/5 ip=127.0.0.1
2026-08-19 16:22:12,574 WARNING security.auth AUTH.LOGIN.FAILED: Login attempt failed path=/accounts/login/ details={'username_hash': '0820ce12dfed1949', 'reason_category': 'invalid_credentials', 'duration_ms': 183.149}
2026-08-19 16:22:19,541 INFO security.auth LOGIN_FAILED_COUNTER_RESET: user=BQUser1 after successful login
2026-08-19 16:22:19,557 INFO security.auth AUTH.LOGIN.SUCCESS: Login attempt succeeded path=/accounts/login/ details={'user_id': 1464, 'username_hash': '0820ce12dfed1949', 'duration_ms': 53.504, 'created': True, 'authentication_backend': 'adminportal.auth_backends.AccountLockoutBackend'}
2026-08-19 16:22:53,121 INFO security.auth AUTH.LOGIN.SUCCESS: Login attempt succeeded path=/accounts/login/ details={'user_id': 1462, 'username_hash': '2a2e58187773395e', 'duration_ms': 161.4, 'created': False, 'authentication_backend': 'adminportal.auth_backends.AccountLockoutBackend'}
2026-08-19 16:23:16,441 INFO security.auth AUTH.LOGIN.SUCCESS: Login attempt succeeded path=/accounts/login/ details={'user_id': 1464, 'username_hash': '0820ce12dfed1949', 'duration_ms': 85.804, 'created': True, 'authentication_backend': 'adminportal.auth_backends.AccountLockoutBackend'}
2026-08-19 16:23:43,121 INFO security.auth AUTH.LOGIN.SUCCESS: Login attempt succeeded path=/accounts/login/ details={'user_id': 1470, 'username_hash': 'b439a604cccb730e', 'duration_ms': 54.517, 'created': True, 'authentication_backend': 'adminportal.auth_backends.AccountLockoutBackend'}
2026-08-20 09:07:53,916 INFO security.auth AUTH.LOGIN.SUCCESS: Login attempt succeeded path=/accounts/login/ details={'user_id': 1444, 'username_hash': 'd972458b983c5497', 'duration_ms': 177.706, 'created': True, 'authentication_backend': 'adminportal.auth_backends.AccountLockoutBackend'}
2026-08-20 10:27:48,616 INFO security.auth AUTH.LOGIN.SUCCESS: Login attempt succeeded path=/accounts/login/ details={'user_id': 1445, 'username_hash': 'f153683d3b1aafad', 'duration_ms': 8355.451, 'created': True, 'authentication_backend': 'adminportal.auth_backends.AccountLockoutBackend'}
2026-08-20 11:17:58,137 INFO security.auth AUTH.LOGIN.SUCCESS: Login attempt succeeded path=/accounts/login/ details={'user_id': 1445, 'username_hash': 'f153683d3b1aafad', 'duration_ms': 380.064, 'created': True, 'authentication_backend': 'adminportal.auth_backends.AccountLockoutBackend'}
2026-08-20 11:20:38,433 WARNING security.auth AUTH.LOGIN.FAILED: Login attempt failed path=/accounts/login/ details={'username_hash': '0139e83f3810f21c', 'reason_category': 'invalid_credentials', 'duration_ms': 187.749}
2026-08-20 11:20:46,358 WARNING security.auth AUTH.LOGIN.FAILED: Login attempt failed path=/accounts/login/ details={'username_hash': '0139e83f3810f21c', 'reason_category': 'invalid_credentials', 'duration_ms': 39.693}
2026-08-20 11:21:03,854 WARNING security.auth AUTH.LOGIN.FAILED: Login attempt failed path=/accounts/login/ details={'username_hash': '0139e83f3810f21c', 'reason_category': 'invalid_credentials', 'duration_ms': 38.54}
2026-08-20 11:21:21,882 INFO security.auth AUTH.LOGIN.SUCCESS: Login attempt succeeded path=/accounts/login/ details={'user_id': 1444, 'username_hash': 'd972458b983c5497', 'duration_ms': 68.508, 'created': True, 'authentication_backend': 'adminportal.auth_backends.AccountLockoutBackend'}
2026-08-20 11:31:16,715 INFO security.auth AUTH.LOGIN.SUCCESS: Login attempt succeeded path=/accounts/login/ details={'user_id': 1466, 'username_hash': '7475b0b2562b4ade', 'duration_ms': 226.763, 'created': True, 'authentication_backend': 'adminportal.auth_backends.AccountLockoutBackend'}
2026-08-20 11:36:37,270 WARNING security.auth LOGIN_BLOCKED_ACTIVE_SESSION_ELSEWHERE: user=Athif
2026-08-20 11:36:37,271 WARNING security.auth AUTH.LOGIN.BLOCKED: Login attempt blocked: account already active on another device path=/accounts/login/ details={'username_hash': 'd972458b983c5497', 'duration_ms': 50.855}
2026-08-20 11:36:54,018 WARNING security.auth AUTH.LOGIN.FAILED: Login attempt failed path=/accounts/login/ details={'username_hash': '8c6976e5b5410415', 'reason_category': 'invalid_credentials', 'duration_ms': 38.171}
2026-08-20 11:37:08,613 WARNING security.auth LOGIN_FAILED: user=admin attempt=1/5 ip=127.0.0.1
2026-08-20 11:37:08,613 WARNING security.auth AUTH.LOGIN.FAILED: Login attempt failed path=/accounts/login/ details={'username_hash': '8c6976e5b5410415', 'reason_category': 'invalid_credentials', 'duration_ms': 42.521}
2026-08-20 11:37:21,849 WARNING security.auth AUTH.LOGIN.FAILED: Login attempt failed path=/accounts/login/ details={'username_hash': '8c6976e5b5410415', 'reason_category': 'invalid_credentials', 'duration_ms': 179.319}
2026-08-20 11:45:45,315 WARNING security.auth AUTH.LOGIN.FAILED: Login attempt failed path=/accounts/login/ details={'username_hash': '03bc5999298bb483', 'reason_category': 'invalid_credentials', 'duration_ms': 181.612}
2026-08-20 11:46:12,549 INFO security.auth AUTH.LOGIN.SUCCESS: Login attempt succeeded path=/accounts/login/ details={'user_id': 1473, 'username_hash': 'b0438618954e0f17', 'duration_ms': 51.563, 'created': True, 'authentication_backend': 'adminportal.auth_backends.AccountLockoutBackend'}
2026-08-20 12:27:56,257 INFO security.auth AUTH.LOGIN.SUCCESS: Login attempt succeeded path=/accounts/login/ details={'user_id': 1445, 'username_hash': 'f153683d3b1aafad', 'duration_ms': 418.168, 'created': True, 'authentication_backend': 'adminportal.auth_backends.AccountLockoutBackend'}
2026-08-20 12:35:03,491 INFO security.auth AUTH.LOGIN.SUCCESS: Login attempt succeeded path=/accounts/login/ details={'user_id': 1444, 'username_hash': 'd972458b983c5497', 'duration_ms': 69.497, 'created': True, 'authentication_backend': 'adminportal.auth_backends.AccountLockoutBackend'}
2026-08-20 13:15:42,105 WARNING security.auth LOGIN_FAILED: user=Athif attempt=1/5 ip=127.0.0.1
2026-08-20 13:15:42,121 WARNING security.auth AUTH.LOGIN.FAILED: Login attempt failed path=/accounts/login/ details={'username_hash': 'd972458b983c5497', 'reason_category': 'invalid_credentials', 'duration_ms': 144.57}
2026-08-20 13:15:47,265 INFO security.auth LOGIN_FAILED_COUNTER_RESET: user=Athif after successful login
2026-08-20 13:15:47,280 WARNING security.auth LOGIN_BLOCKED_ACTIVE_SESSION_ELSEWHERE: user=Athif
2026-08-20 13:15:47,280 WARNING security.auth AUTH.LOGIN.BLOCKED: Login attempt blocked: account already active on another device path=/accounts/login/ details={'username_hash': 'd972458b983c5497', 'duration_ms': 47.499}
2026-08-20 13:16:46,298 INFO security.auth AUTH.LOGIN.SUCCESS: Login attempt succeeded path=/accounts/login/ details={'user_id': 1444, 'username_hash': 'd972458b983c5497', 'duration_ms': 49.144, 'created': True, 'authentication_backend': 'adminportal.auth_backends.AccountLockoutBackend'}
2026-08-20 14:51:10,764 INFO security.auth AUTH.LOGIN.SUCCESS: Login attempt succeeded path=/accounts/login/ details={'user_id': 1444, 'username_hash': 'd972458b983c5497', 'duration_ms': 158.056, 'created': True, 'authentication_backend': 'adminportal.auth_backends.AccountLockoutBackend'}
2026-08-20 14:59:37,337 WARNING security.auth AUTH.LOGIN.FAILED: Login attempt failed path=/accounts/login/ details={'username_hash': '8c6976e5b5410415', 'reason_category': 'invalid_credentials', 'duration_ms': 43.305}
2026-08-20 14:59:41,568 WARNING security.auth AUTH.LOGIN.FAILED: Login attempt failed path=/accounts/login/ details={'username_hash': '8c6976e5b5410415', 'reason_category': 'invalid_credentials', 'duration_ms': 134.315}
2026-08-20 15:06:55,837 WARNING security.auth AUTH.LOGIN.FAILED: Login attempt failed path=/accounts/login/ details={'username_hash': '8c6976e5b5410415', 'reason_category': 'invalid_credentials', 'duration_ms': 136.85}
2026-08-20 15:22:29,092 WARNING security.auth AUTH.LOGIN.FAILED: Login attempt failed path=/accounts/login/ details={'username_hash': '7cdf33e5948feb34', 'reason_category': 'invalid_credentials', 'duration_ms': 134.763}
2026-08-20 15:52:12,978 INFO security.auth AUTH.LOGIN.SUCCESS: Login attempt succeeded path=/accounts/login/ details={'user_id': 1444, 'username_hash': 'd972458b983c5497', 'duration_ms': 163.049, 'created': True, 'authentication_backend': 'adminportal.auth_backends.AccountLockoutBackend'}
2026-08-20 16:00:27,956 INFO security.auth AUTH.LOGIN.SUCCESS: Login attempt succeeded path=/accounts/login/ details={'user_id': 1473, 'username_hash': 'b0438618954e0f17', 'duration_ms': 151.968, 'created': True, 'authentication_backend': 'adminportal.auth_backends.AccountLockoutBackend'}
2026-08-20 16:24:22,926 INFO security.auth AUTH.LOGIN.SUCCESS: Login attempt succeeded path=/accounts/login/ details={'user_id': 1460, 'username_hash': '46eb481647a8af69', 'duration_ms': 63.012, 'created': True, 'authentication_backend': 'adminportal.auth_backends.AccountLockoutBackend'}
2026-08-20 16:33:38,130 WARNING security.auth LOGIN_BLOCKED_ACTIVE_SESSION_ELSEWHERE: user=Athif
2026-08-20 16:33:38,146 WARNING security.auth AUTH.LOGIN.BLOCKED: Login attempt blocked: account already active on another device path=/accounts/login/ details={'username_hash': 'd972458b983c5497', 'duration_ms': 169.34}
2026-08-20 16:34:54,690 INFO security.auth AUTH.LOGIN.SUCCESS: Login attempt succeeded path=/accounts/login/ details={'user_id': 1444, 'username_hash': 'd972458b983c5497', 'duration_ms': 49.198, 'created': True, 'authentication_backend': 'adminportal.auth_backends.AccountLockoutBackend'}
2026-08-21 10:02:03,833 INFO security.auth AUTH.LOGIN.SUCCESS: Login attempt succeeded path=/accounts/login/ details={'user_id': 1444, 'username_hash': 'd972458b983c5497', 'duration_ms': 238.315, 'created': True, 'authentication_backend': 'adminportal.auth_backends.AccountLockoutBackend'}
2026-08-21 10:25:34,379 INFO security.auth AUTH.LOGIN.SUCCESS: Login attempt succeeded path=/accounts/login/ details={'user_id': 1445, 'username_hash': 'f153683d3b1aafad', 'duration_ms': 393.317, 'created': True, 'authentication_backend': 'adminportal.auth_backends.AccountLockoutBackend'}
2026-08-21 11:05:44,243 INFO security.auth AUTH.LOGIN.SUCCESS: Login attempt succeeded path=/accounts/login/ details={'user_id': 1445, 'username_hash': 'f153683d3b1aafad', 'duration_ms': 4553.209, 'created': True, 'authentication_backend': 'adminportal.auth_backends.AccountLockoutBackend'}
2026-08-21 12:00:50,749 INFO security.auth AUTH.LOGIN.SUCCESS: Login attempt succeeded path=/accounts/login/ details={'user_id': 1480, 'username_hash': '07b1a0e4992be63a', 'duration_ms': 168.047, 'created': True, 'authentication_backend': 'adminportal.auth_backends.AccountLockoutBackend'}
2026-08-21 12:01:12,695 WARNING security.auth LOGIN_FAILED: user=Athif attempt=1/5 ip=127.0.0.1
2026-08-21 12:01:12,710 WARNING security.auth AUTH.LOGIN.FAILED: Login attempt failed path=/accounts/login/ details={'username_hash': 'd972458b983c5497', 'reason_category': 'invalid_credentials', 'duration_ms': 45.141}
2026-08-21 12:01:20,967 INFO security.auth LOGIN_FAILED_COUNTER_RESET: user=Athif after successful login
2026-08-21 12:01:20,970 INFO security.auth AUTH.LOGIN.SUCCESS: Login attempt succeeded path=/accounts/login/ details={'user_id': 1444, 'username_hash': 'd972458b983c5497', 'duration_ms': 45.848, 'created': True, 'authentication_backend': 'adminportal.auth_backends.AccountLockoutBackend'}
2026-08-21 12:28:22,037 INFO security.auth AUTH.LOGIN.SUCCESS: Login attempt succeeded path=/accounts/login/ details={'user_id': 1444, 'username_hash': 'd972458b983c5497', 'duration_ms': 52.761, 'created': True, 'authentication_backend': 'adminportal.auth_backends.AccountLockoutBackend'}
2026-08-21 14:29:41,353 WARNING security.auth LOGIN_FAILED: user=Athif attempt=1/5 ip=127.0.0.1
2026-08-21 14:29:41,368 WARNING security.auth AUTH.LOGIN.FAILED: Login attempt failed path=/accounts/login/ details={'username_hash': 'd972458b983c5497', 'reason_category': 'invalid_credentials', 'duration_ms': 177.464}
2026-08-21 14:30:17,623 INFO security.auth LOGIN_FAILED_COUNTER_RESET: user=Athif after successful login
2026-08-21 14:30:17,638 INFO security.auth AUTH.LOGIN.SUCCESS: Login attempt succeeded path=/accounts/login/ details={'user_id': 1444, 'username_hash': 'd972458b983c5497', 'duration_ms': 53.105, 'created': True, 'authentication_backend': 'adminportal.auth_backends.AccountLockoutBackend'}
2026-08-21 15:47:58,677 INFO security.auth AUTH.LOGIN.SUCCESS: Login attempt succeeded path=/accounts/login/ details={'user_id': 1444, 'username_hash': 'd972458b983c5497', 'duration_ms': 201.465, 'created': True, 'authentication_backend': 'adminportal.auth_backends.AccountLockoutBackend'}
2026-08-21 16:24:15,177 WARNING security.auth LOGIN_BLOCKED_ACTIVE_SESSION_ELSEWHERE: user=Athif
2026-08-21 16:24:15,177 WARNING security.auth AUTH.LOGIN.BLOCKED: Login attempt blocked: account already active on another device path=/accounts/login/ details={'username_hash': 'd972458b983c5497', 'duration_ms': 152.303}
2026-08-21 16:25:25,965 INFO security.auth AUTH.LOGIN.SUCCESS: Login attempt succeeded path=/accounts/login/ details={'user_id': 1444, 'username_hash': 'd972458b983c5497', 'duration_ms': 48.846, 'created': True, 'authentication_backend': 'adminportal.auth_backends.AccountLockoutBackend'}
2026-08-21 18:35:49,216 INFO security.auth AUTH.LOGIN.SUCCESS: Login attempt succeeded path=/accounts/login/ details={'user_id': 1445, 'username_hash': 'f153683d3b1aafad', 'duration_ms': 765.586, 'created': True, 'authentication_backend': 'adminportal.auth_backends.AccountLockoutBackend'}
